start_id,label,eyeMoveUp,eyeMoveDown,eyeMoveLeft,eyeMoveRight,blinkSpeed,blinkStrength
0,drunk,0.0,0.0,0.0,0.0,0.0,0.0
0,drunk,0.0,0.0,0.0,0.0,0.0,0.0
0,drunk,0.0,0.0,0.0,0.0,0.0,0.0
0,drunk,0.0,0.0,0.0,0.0,0.0,0.0
0,drunk,0.0,0.0,0.0,0.0,0.0,0.0
0,drunk,0.0,0.0,0.0,0.0,0.0,0.0
0,drunk,0.0,0.0,0.0,0.0,0.0,0.0
0,drunk,0.0,0.0,0.0,0.0,0.0,0.0
0,drunk,0.0,0.0,0.0,0.0,0.0,0.0
0,drunk,0.0,0.0,0.0,0.0,220.0,145.0
0,drunk,0.0,0.0,0.0,0.0,0.0,0.0
0,drunk,0.0,0.0,0.0,0.0,0.0,0.0
0,drunk,0.0,0.0,0.0,0.0,0.0,0.0
0,drunk,0.0,0.0,0.0,0.0,0.0,0.0
0,drunk,0.0,0.0,0.0,0.0,0.0,0.0
0,drunk,0.0,0.0,0.0,0.0,0.0,0.0
0,drunk,0.0,0.0,0.0,0.0,0.0,0.0
0,drunk,0.0,0.0,0.0,0.0,0.0,0.0
0,drunk,0.0,0.0,0.0,0.0,0.0,0.0
0,drunk,0.0,0.0,0.0,0.0,0.0,0.0
0,drunk,0.0,0.0,0.0,0.0,0.0,0.0
0,drunk,0.0,0.0,0.0,0.0,0.0,0.0
0,drunk,0.0,0.0,0.0,0.0,0.0,0.0
0,drunk,0.0,0.0,0.0,0.0,0.0,0.0
0,drunk,0.0,0.0,0.0,0.0,0.0,0.0
0,drunk,0.0,0.0,0.0,0.0,0.0,0.0
0,drunk,0.0,0.0,0.0,0.0,0.0,0.0
0,drunk,0.0,0.0,0.0,0.0,0.0,0.0
0,drunk,0.0,0.0,0.0,0.0,0.0,0.0
0,drunk,5.0,0.0,0.0,0.0,0.0,0.0
0,drunk,0.0,0.0,0.0,0.0,0.0,0.0
0,drunk,0.0,0.0,0.0,0.0,0.0,0.0
0,drunk,0.0,0.0,0.0,0.0,0.0,0.0
0,drunk,0.0,0.0,0.0,0.0,0.0,0.0
0,drunk,0.0,0.0,0.0,2.0,0.0,0.0
0,drunk,0.0,0.0,0.0,0.0,0.0,0.0
0,drunk,0.0,0.0,0.0,0.0,0.0,0.0
0,drunk,0.0,0.0,0.0,0.0,0.0,0.0
0,drunk,0.0,0.0,0.0,0.0,0.0,0.0
0,drunk,0.0,4.0,0.0,0.0,0.0,0.0
0,drunk,0.0,0.0,0.0,0.0,0.0,0.0
0,drunk,0.0,0.0,0.0,0.0,0.0,0.0
0,drunk,0.0,0.0,0.0,0.0,0.0,0.0
0,drunk,0.0,0.0,0.0,0.0,0.0,0.0
0,drunk,0.0,3.0,0.0,2.0,0.0,0.0
0,drunk,0.0,0.0,0.0,0.0,0.0,0.0
0,drunk,0.0,0.0,0.0,0.0,0.0,0.0
0,drunk,0.0,0.0,0.0,0.0,0.0,0.0
0,drunk,0.0,0.0,0.0,0.0,0.0,0.0
0,drunk,0.0,2.0,0.0,3.0,0.0,0.0
0,drunk,0.0,0.0,0.0,0.0,0.0,0.0
0,drunk,0.0,0.0,0.0,0.0,0.0,0.0
0,drunk,0.0,0.0,0.0,0.0,0.0,0.0
0,drunk,0.0,0.0,0.0,0.0,0.0,0.0
0,drunk,0.0,2.0,2.0,0.0,0.0,0.0
0,drunk,0.0,0.0,0.0,0.0,0.0,0.0
0,drunk,0.0,0.0,0.0,0.0,0.0,0.0
0,drunk,0.0,0.0,0.0,0.0,0.0,0.0
0,drunk,0.0,0.0,0.0,0.0,0.0,0.0
0,drunk,0.0,0.0,0.0,0.0,0.0,0.0
0,drunk,0.0,0.0,0.0,0.0,0.0,0.0
0,drunk,0.0,0.0,0.0,0.0,0.0,0.0
0,drunk,0.0,0.0,0.0,0.0,0.0,0.0
0,drunk,0.0,0.0,0.0,0.0,0.0,0.0
0,drunk,3.0,0.0,0.0,1.0,0.0,0.0
0,drunk,0.0,0.0,0.0,0.0,0.0,0.0
0,drunk,0.0,0.0,0.0,0.0,0.0,0.0
0,drunk,0.0,0.0,0.0,0.0,0.0,0.0
0,drunk,0.0,0.0,0.0,0.0,0.0,0.0
0,drunk,0.0,0.0,0.0,0.0,0.0,0.0
0,drunk,0.0,0.0,0.0,0.0,0.0,0.0
0,drunk,0.0,0.0,0.0,0.0,0.0,0.0
0,drunk,0.0,0.0,0.0,0.0,0.0,0.0
0,drunk,0.0,0.0,0.0,0.0,0.0,0.0
0,drunk,0.0,0.0,0.0,0.0,0.0,0.0
0,drunk,0.0,0.0,0.0,0.0,0.0,0.0
0,drunk,0.0,0.0,0.0,0.0,0.0,0.0
0,drunk,0.0,0.0,0.0,0.0,0.0,0.0
0,drunk,0.0,0.0,0.0,0.0,0.0,0.0
0,drunk,0.0,0.0,0.0,0.0,0.0,0.0
0,drunk,0.0,0.0,0.0,0.0,0.0,0.0
0,drunk,0.0,0.0,0.0,0.0,0.0,0.0
0,drunk,0.0,0.0,0.0,0.0,0.0,0.0
0,drunk,0.0,0.0,0.0,0.0,0.0,0.0
0,drunk,0.0,0.0,0.0,0.0,0.0,0.0
0,drunk,0.0,0.0,0.0,0.0,0.0,0.0
0,drunk,0.0,0.0,0.0,0.0,0.0,0.0
0,drunk,0.0,0.0,0.0,0.0,0.0,0.0
0,drunk,0.0,0.0,0.0,0.0,0.0,0.0
0,drunk,0.0,0.0,0.0,0.0,0.0,0.0
0,drunk,0.0,0.0,0.0,0.0,0.0,0.0
0,drunk,0.0,0.0,0.0,0.0,0.0,0.0
0,drunk,0.0,0.0,0.0,0.0,0.0,0.0
0,drunk,0.0,0.0,0.0,0.0,0.0,0.0
0,drunk,0.0,0.0,0.0,0.0,80.0,17.0
0,drunk,0.0,0.0,0.0,0.0,0.0,0.0
0,drunk,0.0,0.0,0.0,0.0,0.0,0.0
0,drunk,0.0,0.0,0.0,0.0,0.0,0.0
0,drunk,0.0,0.0,0.0,0.0,0.0,0.0
0,drunk,0.0,0.0,0.0,0.0,0.0,0.0
0,drunk,0.0,0.0,0.0,0.0,0.0,0.0
0,drunk,0.0,0.0,0.0,0.0,0.0,0.0
0,drunk,0.0,0.0,0.0,0.0,0.0,0.0
0,drunk,0.0,0.0,0.0,0.0,0.0,0.0
0,drunk,0.0,0.0,0.0,0.0,80.0,16.0
0,drunk,0.0,0.0,0.0,0.0,0.0,0.0
0,drunk,0.0,0.0,0.0,0.0,0.0,0.0
0,drunk,0.0,0.0,0.0,0.0,0.0,0.0
0,drunk,0.0,0.0,0.0,0.0,0.0,0.0
0,drunk,1.0,0.0,0.0,0.0,0.0,0.0
0,drunk,0.0,0.0,0.0,0.0,0.0,0.0
0,drunk,0.0,0.0,0.0,0.0,0.0,0.0
0,drunk,0.0,0.0,0.0,0.0,0.0,0.0
0,drunk,0.0,0.0,0.0,0.0,0.0,0.0
0,drunk,0.0,0.0,0.0,0.0,0.0,0.0
0,drunk,0.0,0.0,0.0,0.0,0.0,0.0
0,drunk,0.0,0.0,0.0,0.0,0.0,0.0
0,drunk,0.0,0.0,0.0,0.0,0.0,0.0
0,drunk,0.0,0.0,0.0,0.0,0.0,0.0
0,drunk,0.0,1.0,0.0,0.0,0.0,0.0
0,drunk,0.0,0.0,0.0,0.0,0.0,0.0
0,drunk,0.0,0.0,0.0,0.0,0.0,0.0
0,drunk,0.0,0.0,0.0,0.0,0.0,0.0
0,drunk,0.0,0.0,0.0,0.0,0.0,0.0
0,drunk,0.0,0.0,0.0,0.0,0.0,0.0
0,drunk,0.0,0.0,0.0,0.0,0.0,0.0
0,drunk,0.0,0.0,0.0,0.0,0.0,0.0
0,drunk,0.0,0.0,0.0,0.0,0.0,0.0
0,drunk,0.0,0.0,0.0,0.0,0.0,0.0
0,drunk,0.0,0.0,0.0,0.0,0.0,0.0
0,drunk,0.0,0.0,0.0,0.0,0.0,0.0
0,drunk,0.0,0.0,0.0,0.0,0.0,0.0
0,drunk,0.0,0.0,0.0,0.0,0.0,0.0
0,drunk,0.0,0.0,0.0,0.0,0.0,0.0
0,drunk,1.0,0.0,0.0,0.0,0.0,0.0
0,drunk,0.0,0.0,0.0,0.0,0.0,0.0
0,drunk,0.0,0.0,0.0,0.0,0.0,0.0
0,drunk,0.0,0.0,0.0,0.0,0.0,0.0
0,drunk,0.0,0.0,0.0,0.0,0.0,0.0
0,drunk,0.0,0.0,0.0,0.0,60.0,16.0
0,drunk,0.0,0.0,0.0,0.0,0.0,0.0
0,drunk,0.0,0.0,0.0,0.0,0.0,0.0
0,drunk,0.0,0.0,0.0,0.0,0.0,0.0
0,drunk,0.0,0.0,0.0,0.0,0.0,0.0
0,drunk,0.0,0.0,0.0,0.0,200.0,43.0
0,drunk,0.0,0.0,0.0,0.0,0.0,0.0
0,drunk,0.0,0.0,0.0,0.0,0.0,0.0
0,drunk,0.0,0.0,0.0,0.0,0.0,0.0
0,drunk,0.0,0.0,0.0,0.0,0.0,0.0
0,drunk,0.0,0.0,2.0,0.0,0.0,0.0
0,drunk,0.0,0.0,0.0,0.0,0.0,0.0
0,drunk,0.0,0.0,0.0,0.0,0.0,0.0
0,drunk,0.0,0.0,0.0,0.0,0.0,0.0
0,drunk,0.0,0.0,0.0,0.0,0.0,0.0
0,drunk,0.0,0.0,3.0,0.0,0.0,0.0
0,drunk,0.0,0.0,0.0,0.0,0.0,0.0
0,drunk,0.0,0.0,0.0,0.0,0.0,0.0
0,drunk,0.0,0.0,0.0,0.0,0.0,0.0
0,drunk,0.0,0.0,0.0,0.0,0.0,0.0
0,drunk,7.0,0.0,0.0,0.0,0.0,0.0
0,drunk,0.0,0.0,0.0,0.0,0.0,0.0
0,drunk,0.0,0.0,0.0,0.0,0.0,0.0
0,drunk,0.0,0.0,0.0,0.0,0.0,0.0
0,drunk,0.0,0.0,0.0,0.0,0.0,0.0
0,drunk,0.0,0.0,0.0,3.0,0.0,0.0
0,drunk,0.0,0.0,0.0,0.0,0.0,0.0
0,drunk,0.0,0.0,0.0,0.0,0.0,0.0
0,drunk,0.0,0.0,0.0,0.0,0.0,0.0
0,drunk,0.0,0.0,0.0,0.0,0.0,0.0
0,drunk,0.0,0.0,0.0,0.0,0.0,0.0
0,drunk,0.0,0.0,0.0,0.0,0.0,0.0
0,drunk,0.0,0.0,0.0,0.0,0.0,0.0
0,drunk,0.0,0.0,0.0,0.0,0.0,0.0
0,drunk,0.0,0.0,0.0,0.0,0.0,0.0
0,drunk,0.0,2.0,0.0,0.0,0.0,0.0
0,drunk,0.0,0.0,0.0,0.0,0.0,0.0
0,drunk,0.0,0.0,0.0,0.0,0.0,0.0
0,drunk,0.0,0.0,0.0,0.0,0.0,0.0
0,drunk,0.0,0.0,0.0,0.0,0.0,0.0
0,drunk,4.0,0.0,0.0,2.0,0.0,0.0
0,drunk,0.0,0.0,0.0,0.0,0.0,0.0
0,drunk,0.0,0.0,0.0,0.0,0.0,0.0
0,drunk,0.0,0.0,0.0,0.0,0.0,0.0
0,drunk,0.0,0.0,0.0,0.0,0.0,0.0
0,drunk,0.0,0.0,0.0,0.0,0.0,0.0
0,drunk,0.0,0.0,0.0,0.0,0.0,0.0
0,drunk,0.0,0.0,0.0,0.0,0.0,0.0
0,drunk,0.0,0.0,0.0,0.0,0.0,0.0
0,drunk,0.0,0.0,0.0,0.0,0.0,0.0
0,drunk,0.0,7.0,0.0,0.0,0.0,0.0
0,drunk,0.0,0.0,0.0,0.0,0.0,0.0
0,drunk,0.0,0.0,0.0,0.0,0.0,0.0
0,drunk,0.0,0.0,0.0,0.0,0.0,0.0
0,drunk,0.0,0.0,0.0,0.0,0.0,0.0
0,drunk,0.0,0.0,0.0,0.0,0.0,0.0
0,drunk,0.0,0.0,0.0,0.0,0.0,0.0
0,drunk,0.0,0.0,0.0,0.0,0.0,0.0
0,drunk,0.0,0.0,0.0,0.0,0.0,0.0
0,drunk,0.0,0.0,0.0,0.0,0.0,0.0
0,drunk,0.0,0.0,3.0,0.0,0.0,0.0
60,drunk,0.0,0.0,0.0,0.0,0.0,0.0
60,drunk,0.0,0.0,0.0,0.0,0.0,0.0
60,drunk,0.0,0.0,0.0,0.0,0.0,0.0
60,drunk,0.0,0.0,0.0,0.0,0.0,0.0
60,drunk,3.0,0.0,0.0,1.0,0.0,0.0
60,drunk,0.0,0.0,0.0,0.0,0.0,0.0
60,drunk,0.0,0.0,0.0,0.0,0.0,0.0
60,drunk,0.0,0.0,0.0,0.0,0.0,0.0
60,drunk,0.0,0.0,0.0,0.0,0.0,0.0
60,drunk,0.0,0.0,0.0,0.0,0.0,0.0
60,drunk,0.0,0.0,0.0,0.0,0.0,0.0
60,drunk,0.0,0.0,0.0,0.0,0.0,0.0
60,drunk,0.0,0.0,0.0,0.0,0.0,0.0
60,drunk,0.0,0.0,0.0,0.0,0.0,0.0
60,drunk,0.0,0.0,0.0,0.0,0.0,0.0
60,drunk,0.0,0.0,0.0,0.0,0.0,0.0
60,drunk,0.0,0.0,0.0,0.0,0.0,0.0
60,drunk,0.0,0.0,0.0,0.0,0.0,0.0
60,drunk,0.0,0.0,0.0,0.0,0.0,0.0
60,drunk,0.0,0.0,0.0,0.0,0.0,0.0
60,drunk,0.0,0.0,0.0,0.0,0.0,0.0
60,drunk,0.0,0.0,0.0,0.0,0.0,0.0
60,drunk,0.0,0.0,0.0,0.0,0.0,0.0
60,drunk,0.0,0.0,0.0,0.0,0.0,0.0
60,drunk,0.0,0.0,0.0,0.0,0.0,0.0
60,drunk,0.0,0.0,0.0,0.0,0.0,0.0
60,drunk,0.0,0.0,0.0,0.0,0.0,0.0
60,drunk,0.0,0.0,0.0,0.0,0.0,0.0
60,drunk,0.0,0.0,0.0,0.0,0.0,0.0
60,drunk,0.0,0.0,0.0,0.0,0.0,0.0
60,drunk,0.0,0.0,0.0,0.0,0.0,0.0
60,drunk,0.0,0.0,0.0,0.0,0.0,0.0
60,drunk,0.0,0.0,0.0,0.0,0.0,0.0
60,drunk,0.0,0.0,0.0,0.0,0.0,0.0
60,drunk,0.0,0.0,0.0,0.0,80.0,17.0
60,drunk,0.0,0.0,0.0,0.0,0.0,0.0
60,drunk,0.0,0.0,0.0,0.0,0.0,0.0
60,drunk,0.0,0.0,0.0,0.0,0.0,0.0
60,drunk,0.0,0.0,0.0,0.0,0.0,0.0
60,drunk,0.0,0.0,0.0,0.0,0.0,0.0
60,drunk,0.0,0.0,0.0,0.0,0.0,0.0
60,drunk,0.0,0.0,0.0,0.0,0.0,0.0
60,drunk,0.0,0.0,0.0,0.0,0.0,0.0
60,drunk,0.0,0.0,0.0,0.0,0.0,0.0
60,drunk,0.0,0.0,0.0,0.0,80.0,16.0
60,drunk,0.0,0.0,0.0,0.0,0.0,0.0
60,drunk,0.0,0.0,0.0,0.0,0.0,0.0
60,drunk,0.0,0.0,0.0,0.0,0.0,0.0
60,drunk,0.0,0.0,0.0,0.0,0.0,0.0
60,drunk,1.0,0.0,0.0,0.0,0.0,0.0
60,drunk,0.0,0.0,0.0,0.0,0.0,0.0
60,drunk,0.0,0.0,0.0,0.0,0.0,0.0
60,drunk,0.0,0.0,0.0,0.0,0.0,0.0
60,drunk,0.0,0.0,0.0,0.0,0.0,0.0
60,drunk,0.0,0.0,0.0,0.0,0.0,0.0
60,drunk,0.0,0.0,0.0,0.0,0.0,0.0
60,drunk,0.0,0.0,0.0,0.0,0.0,0.0
60,drunk,0.0,0.0,0.0,0.0,0.0,0.0
60,drunk,0.0,0.0,0.0,0.0,0.0,0.0
60,drunk,0.0,1.0,0.0,0.0,0.0,0.0
60,drunk,0.0,0.0,0.0,0.0,0.0,0.0
60,drunk,0.0,0.0,0.0,0.0,0.0,0.0
60,drunk,0.0,0.0,0.0,0.0,0.0,0.0
60,drunk,0.0,0.0,0.0,0.0,0.0,0.0
60,drunk,0.0,0.0,0.0,0.0,0.0,0.0
60,drunk,0.0,0.0,0.0,0.0,0.0,0.0
60,drunk,0.0,0.0,0.0,0.0,0.0,0.0
60,drunk,0.0,0.0,0.0,0.0,0.0,0.0
60,drunk,0.0,0.0,0.0,0.0,0.0,0.0
60,drunk,0.0,0.0,0.0,0.0,0.0,0.0
60,drunk,0.0,0.0,0.0,0.0,0.0,0.0
60,drunk,0.0,0.0,0.0,0.0,0.0,0.0
60,drunk,0.0,0.0,0.0,0.0,0.0,0.0
60,drunk,0.0,0.0,0.0,0.0,0.0,0.0
60,drunk,1.0,0.0,0.0,0.0,0.0,0.0
60,drunk,0.0,0.0,0.0,0.0,0.0,0.0
60,drunk,0.0,0.0,0.0,0.0,0.0,0.0
60,drunk,0.0,0.0,0.0,0.0,0.0,0.0
60,drunk,0.0,0.0,0.0,0.0,0.0,0.0
60,drunk,0.0,0.0,0.0,0.0,60.0,16.0
60,drunk,0.0,0.0,0.0,0.0,0.0,0.0
60,drunk,0.0,0.0,0.0,0.0,0.0,0.0
60,drunk,0.0,0.0,0.0,0.0,0.0,0.0
60,drunk,0.0,0.0,0.0,0.0,0.0,0.0
60,drunk,0.0,0.0,0.0,0.0,200.0,43.0
60,drunk,0.0,0.0,0.0,0.0,0.0,0.0
60,drunk,0.0,0.0,0.0,0.0,0.0,0.0
60,drunk,0.0,0.0,0.0,0.0,0.0,0.0
60,drunk,0.0,0.0,0.0,0.0,0.0,0.0
60,drunk,0.0,0.0,2.0,0.0,0.0,0.0
60,drunk,0.0,0.0,0.0,0.0,0.0,0.0
60,drunk,0.0,0.0,0.0,0.0,0.0,0.0
60,drunk,0.0,0.0,0.0,0.0,0.0,0.0
60,drunk,0.0,0.0,0.0,0.0,0.0,0.0
60,drunk,0.0,0.0,3.0,0.0,0.0,0.0
60,drunk,0.0,0.0,0.0,0.0,0.0,0.0
60,drunk,0.0,0.0,0.0,0.0,0.0,0.0
60,drunk,0.0,0.0,0.0,0.0,0.0,0.0
60,drunk,0.0,0.0,0.0,0.0,0.0,0.0
60,drunk,7.0,0.0,0.0,0.0,0.0,0.0
60,drunk,0.0,0.0,0.0,0.0,0.0,0.0
60,drunk,0.0,0.0,0.0,0.0,0.0,0.0
60,drunk,0.0,0.0,0.0,0.0,0.0,0.0
60,drunk,0.0,0.0,0.0,0.0,0.0,0.0
60,drunk,0.0,0.0,0.0,3.0,0.0,0.0
60,drunk,0.0,0.0,0.0,0.0,0.0,0.0
60,drunk,0.0,0.0,0.0,0.0,0.0,0.0
60,drunk,0.0,0.0,0.0,0.0,0.0,0.0
60,drunk,0.0,0.0,0.0,0.0,0.0,0.0
60,drunk,0.0,0.0,0.0,0.0,0.0,0.0
60,drunk,0.0,0.0,0.0,0.0,0.0,0.0
60,drunk,0.0,0.0,0.0,0.0,0.0,0.0
60,drunk,0.0,0.0,0.0,0.0,0.0,0.0
60,drunk,0.0,0.0,0.0,0.0,0.0,0.0
60,drunk,0.0,2.0,0.0,0.0,0.0,0.0
60,drunk,0.0,0.0,0.0,0.0,0.0,0.0
60,drunk,0.0,0.0,0.0,0.0,0.0,0.0
60,drunk,0.0,0.0,0.0,0.0,0.0,0.0
60,drunk,0.0,0.0,0.0,0.0,0.0,0.0
60,drunk,4.0,0.0,0.0,2.0,0.0,0.0
60,drunk,0.0,0.0,0.0,0.0,0.0,0.0
60,drunk,0.0,0.0,0.0,0.0,0.0,0.0
60,drunk,0.0,0.0,0.0,0.0,0.0,0.0
60,drunk,0.0,0.0,0.0,0.0,0.0,0.0
60,drunk,0.0,0.0,0.0,0.0,0.0,0.0
60,drunk,0.0,0.0,0.0,0.0,0.0,0.0
60,drunk,0.0,0.0,0.0,0.0,0.0,0.0
60,drunk,0.0,0.0,0.0,0.0,0.0,0.0
60,drunk,0.0,0.0,0.0,0.0,0.0,0.0
60,drunk,0.0,7.0,0.0,0.0,0.0,0.0
60,drunk,0.0,0.0,0.0,0.0,0.0,0.0
60,drunk,0.0,0.0,0.0,0.0,0.0,0.0
60,drunk,0.0,0.0,0.0,0.0,0.0,0.0
60,drunk,0.0,0.0,0.0,0.0,0.0,0.0
60,drunk,0.0,0.0,0.0,0.0,0.0,0.0
60,drunk,0.0,0.0,0.0,0.0,0.0,0.0
60,drunk,0.0,0.0,0.0,0.0,0.0,0.0
60,drunk,0.0,0.0,0.0,0.0,0.0,0.0
60,drunk,0.0,0.0,0.0,0.0,0.0,0.0
60,drunk,0.0,0.0,3.0,0.0,0.0,0.0
60,drunk,0.0,0.0,0.0,0.0,0.0,0.0
60,drunk,0.0,0.0,0.0,0.0,0.0,0.0
60,drunk,0.0,0.0,0.0,0.0,0.0,0.0
60,drunk,0.0,0.0,0.0,0.0,0.0,0.0
60,drunk,0.0,1.0,0.0,0.0,0.0,0.0
60,drunk,0.0,0.0,0.0,0.0,0.0,0.0
60,drunk,0.0,0.0,0.0,0.0,0.0,0.0
60,drunk,0.0,0.0,0.0,0.0,0.0,0.0
60,drunk,0.0,0.0,0.0,0.0,0.0,0.0
60,drunk,0.0,4.0,0.0,7.0,0.0,0.0
60,drunk,0.0,0.0,0.0,0.0,0.0,0.0
60,drunk,0.0,0.0,0.0,0.0,0.0,0.0
60,drunk,0.0,0.0,0.0,0.0,0.0,0.0
60,drunk,0.0,0.0,0.0,0.0,0.0,0.0
60,drunk,0.0,0.0,0.0,0.0,210.0,80.0
60,drunk,0.0,0.0,0.0,0.0,0.0,0.0
60,drunk,0.0,0.0,0.0,0.0,0.0,0.0
60,drunk,0.0,0.0,0.0,0.0,0.0,0.0
60,drunk,0.0,0.0,0.0,0.0,0.0,0.0
60,drunk,0.0,0.0,0.0,0.0,0.0,0.0
60,drunk,0.0,0.0,0.0,0.0,0.0,0.0
60,drunk,0.0,0.0,0.0,0.0,0.0,0.0
60,drunk,0.0,0.0,0.0,0.0,0.0,0.0
60,drunk,0.0,0.0,0.0,0.0,0.0,0.0
60,drunk,0.0,0.0,0.0,0.0,220.0,61.0
60,drunk,0.0,0.0,0.0,0.0,0.0,0.0
60,drunk,0.0,0.0,0.0,0.0,0.0,0.0
60,drunk,0.0,0.0,0.0,0.0,0.0,0.0
60,drunk,0.0,0.0,0.0,0.0,0.0,0.0
60,drunk,0.0,0.0,0.0,0.0,0.0,0.0
60,drunk,0.0,0.0,0.0,0.0,0.0,0.0
60,drunk,0.0,0.0,0.0,0.0,0.0,0.0
60,drunk,0.0,0.0,0.0,0.0,0.0,0.0
60,drunk,0.0,0.0,0.0,0.0,0.0,0.0
60,drunk,0.0,0.0,0.0,0.0,390.0,116.0
60,drunk,0.0,0.0,0.0,0.0,0.0,0.0
60,drunk,0.0,0.0,0.0,0.0,0.0,0.0
60,drunk,0.0,0.0,0.0,0.0,0.0,0.0
60,drunk,0.0,0.0,0.0,0.0,0.0,0.0
60,drunk,0.0,3.0,0.0,0.0,0.0,0.0
60,drunk,0.0,0.0,0.0,0.0,0.0,0.0
60,drunk,0.0,0.0,0.0,0.0,0.0,0.0
60,drunk,0.0,0.0,0.0,0.0,0.0,0.0
60,drunk,0.0,0.0,0.0,0.0,0.0,0.0
60,drunk,0.0,0.0,2.0,0.0,0.0,0.0
60,drunk,0.0,0.0,0.0,0.0,0.0,0.0
60,drunk,0.0,0.0,0.0,0.0,0.0,0.0
60,drunk,0.0,0.0,0.0,0.0,0.0,0.0
60,drunk,0.0,0.0,0.0,0.0,0.0,0.0
60,drunk,0.0,7.0,0.0,0.0,0.0,0.0
60,drunk,0.0,0.0,0.0,0.0,0.0,0.0
60,drunk,0.0,0.0,0.0,0.0,0.0,0.0
60,drunk,0.0,0.0,0.0,0.0,0.0,0.0
60,drunk,0.0,0.0,0.0,0.0,0.0,0.0
60,drunk,0.0,0.0,0.0,0.0,0.0,0.0
60,drunk,0.0,0.0,0.0,0.0,0.0,0.0
60,drunk,0.0,0.0,0.0,0.0,0.0,0.0
60,drunk,0.0,0.0,0.0,0.0,0.0,0.0
60,drunk,0.0,0.0,0.0,0.0,0.0,0.0
60,drunk,0.0,0.0,0.0,0.0,0.0,0.0
120,drunk,0.0,0.0,0.0,0.0,0.0,0.0
120,drunk,0.0,0.0,0.0,0.0,0.0,0.0
120,drunk,0.0,0.0,0.0,0.0,0.0,0.0
120,drunk,0.0,0.0,0.0,0.0,0.0,0.0
120,drunk,0.0,0.0,0.0,0.0,0.0,0.0
120,drunk,0.0,0.0,0.0,0.0,0.0,0.0
120,drunk,0.0,0.0,0.0,0.0,0.0,0.0
120,drunk,0.0,0.0,0.0,0.0,0.0,0.0
120,drunk,0.0,0.0,0.0,0.0,0.0,0.0
120,drunk,0.0,0.0,0.0,0.0,0.0,0.0
120,drunk,0.0,0.0,0.0,0.0,0.0,0.0
120,drunk,0.0,0.0,0.0,0.0,0.0,0.0
120,drunk,0.0,0.0,0.0,0.0,0.0,0.0
120,drunk,0.0,0.0,0.0,0.0,0.0,0.0
120,drunk,1.0,0.0,0.0,0.0,0.0,0.0
120,drunk,0.0,0.0,0.0,0.0,0.0,0.0
120,drunk,0.0,0.0,0.0,0.0,0.0,0.0
120,drunk,0.0,0.0,0.0,0.0,0.0,0.0
120,drunk,0.0,0.0,0.0,0.0,0.0,0.0
120,drunk,0.0,0.0,0.0,0.0,60.0,16.0
120,drunk,0.0,0.0,0.0,0.0,0.0,0.0
120,drunk,0.0,0.0,0.0,0.0,0.0,0.0
120,drunk,0.0,0.0,0.0,0.0,0.0,0.0
120,drunk,0.0,0.0,0.0,0.0,0.0,0.0
120,drunk,0.0,0.0,0.0,0.0,200.0,43.0
120,drunk,0.0,0.0,0.0,0.0,0.0,0.0
120,drunk,0.0,0.0,0.0,0.0,0.0,0.0
120,drunk,0.0,0.0,0.0,0.0,0.0,0.0
120,drunk,0.0,0.0,0.0,0.0,0.0,0.0
120,drunk,0.0,0.0,2.0,0.0,0.0,0.0
120,drunk,0.0,0.0,0.0,0.0,0.0,0.0
120,drunk,0.0,0.0,0.0,0.0,0.0,0.0
120,drunk,0.0,0.0,0.0,0.0,0.0,0.0
120,drunk,0.0,0.0,0.0,0.0,0.0,0.0
120,drunk,0.0,0.0,3.0,0.0,0.0,0.0
120,drunk,0.0,0.0,0.0,0.0,0.0,0.0
120,drunk,0.0,0.0,0.0,0.0,0.0,0.0
120,drunk,0.0,0.0,0.0,0.0,0.0,0.0
120,drunk,0.0,0.0,0.0,0.0,0.0,0.0
120,drunk,7.0,0.0,0.0,0.0,0.0,0.0
120,drunk,0.0,0.0,0.0,0.0,0.0,0.0
120,drunk,0.0,0.0,0.0,0.0,0.0,0.0
120,drunk,0.0,0.0,0.0,0.0,0.0,0.0
120,drunk,0.0,0.0,0.0,0.0,0.0,0.0
120,drunk,0.0,0.0,0.0,3.0,0.0,0.0
120,drunk,0.0,0.0,0.0,0.0,0.0,0.0
120,drunk,0.0,0.0,0.0,0.0,0.0,0.0
120,drunk,0.0,0.0,0.0,0.0,0.0,0.0
120,drunk,0.0,0.0,0.0,0.0,0.0,0.0
120,drunk,0.0,0.0,0.0,0.0,0.0,0.0
120,drunk,0.0,0.0,0.0,0.0,0.0,0.0
120,drunk,0.0,0.0,0.0,0.0,0.0,0.0
120,drunk,0.0,0.0,0.0,0.0,0.0,0.0
120,drunk,0.0,0.0,0.0,0.0,0.0,0.0
120,drunk,0.0,2.0,0.0,0.0,0.0,0.0
120,drunk,0.0,0.0,0.0,0.0,0.0,0.0
120,drunk,0.0,0.0,0.0,0.0,0.0,0.0
120,drunk,0.0,0.0,0.0,0.0,0.0,0.0
120,drunk,0.0,0.0,0.0,0.0,0.0,0.0
120,drunk,4.0,0.0,0.0,2.0,0.0,0.0
120,drunk,0.0,0.0,0.0,0.0,0.0,0.0
120,drunk,0.0,0.0,0.0,0.0,0.0,0.0
120,drunk,0.0,0.0,0.0,0.0,0.0,0.0
120,drunk,0.0,0.0,0.0,0.0,0.0,0.0
120,drunk,0.0,0.0,0.0,0.0,0.0,0.0
120,drunk,0.0,0.0,0.0,0.0,0.0,0.0
120,drunk,0.0,0.0,0.0,0.0,0.0,0.0
120,drunk,0.0,0.0,0.0,0.0,0.0,0.0
120,drunk,0.0,0.0,0.0,0.0,0.0,0.0
120,drunk,0.0,7.0,0.0,0.0,0.0,0.0
120,drunk,0.0,0.0,0.0,0.0,0.0,0.0
120,drunk,0.0,0.0,0.0,0.0,0.0,0.0
120,drunk,0.0,0.0,0.0,0.0,0.0,0.0
120,drunk,0.0,0.0,0.0,0.0,0.0,0.0
120,drunk,0.0,0.0,0.0,0.0,0.0,0.0
120,drunk,0.0,0.0,0.0,0.0,0.0,0.0
120,drunk,0.0,0.0,0.0,0.0,0.0,0.0
120,drunk,0.0,0.0,0.0,0.0,0.0,0.0
120,drunk,0.0,0.0,0.0,0.0,0.0,0.0
120,drunk,0.0,0.0,3.0,0.0,0.0,0.0
120,drunk,0.0,0.0,0.0,0.0,0.0,0.0
120,drunk,0.0,0.0,0.0,0.0,0.0,0.0
120,drunk,0.0,0.0,0.0,0.0,0.0,0.0
120,drunk,0.0,0.0,0.0,0.0,0.0,0.0
120,drunk,0.0,1.0,0.0,0.0,0.0,0.0
120,drunk,0.0,0.0,0.0,0.0,0.0,0.0
120,drunk,0.0,0.0,0.0,0.0,0.0,0.0
120,drunk,0.0,0.0,0.0,0.0,0.0,0.0
120,drunk,0.0,0.0,0.0,0.0,0.0,0.0
120,drunk,0.0,4.0,0.0,7.0,0.0,0.0
120,drunk,0.0,0.0,0.0,0.0,0.0,0.0
120,drunk,0.0,0.0,0.0,0.0,0.0,0.0
120,drunk,0.0,0.0,0.0,0.0,0.0,0.0
120,drunk,0.0,0.0,0.0,0.0,0.0,0.0
120,drunk,0.0,0.0,0.0,0.0,210.0,80.0
120,drunk,0.0,0.0,0.0,0.0,0.0,0.0
120,drunk,0.0,0.0,0.0,0.0,0.0,0.0
120,drunk,0.0,0.0,0.0,0.0,0.0,0.0
120,drunk,0.0,0.0,0.0,0.0,0.0,0.0
120,drunk,0.0,0.0,0.0,0.0,0.0,0.0
120,drunk,0.0,0.0,0.0,0.0,0.0,0.0
120,drunk,0.0,0.0,0.0,0.0,0.0,0.0
120,drunk,0.0,0.0,0.0,0.0,0.0,0.0
120,drunk,0.0,0.0,0.0,0.0,0.0,0.0
120,drunk,0.0,0.0,0.0,0.0,220.0,61.0
120,drunk,0.0,0.0,0.0,0.0,0.0,0.0
120,drunk,0.0,0.0,0.0,0.0,0.0,0.0
120,drunk,0.0,0.0,0.0,0.0,0.0,0.0
120,drunk,0.0,0.0,0.0,0.0,0.0,0.0
120,drunk,0.0,0.0,0.0,0.0,0.0,0.0
120,drunk,0.0,0.0,0.0,0.0,0.0,0.0
120,drunk,0.0,0.0,0.0,0.0,0.0,0.0
120,drunk,0.0,0.0,0.0,0.0,0.0,0.0
120,drunk,0.0,0.0,0.0,0.0,0.0,0.0
120,drunk,0.0,0.0,0.0,0.0,390.0,116.0
120,drunk,0.0,0.0,0.0,0.0,0.0,0.0
120,drunk,0.0,0.0,0.0,0.0,0.0,0.0
120,drunk,0.0,0.0,0.0,0.0,0.0,0.0
120,drunk,0.0,0.0,0.0,0.0,0.0,0.0
120,drunk,0.0,3.0,0.0,0.0,0.0,0.0
120,drunk,0.0,0.0,0.0,0.0,0.0,0.0
120,drunk,0.0,0.0,0.0,0.0,0.0,0.0
120,drunk,0.0,0.0,0.0,0.0,0.0,0.0
120,drunk,0.0,0.0,0.0,0.0,0.0,0.0
120,drunk,0.0,0.0,2.0,0.0,0.0,0.0
120,drunk,0.0,0.0,0.0,0.0,0.0,0.0
120,drunk,0.0,0.0,0.0,0.0,0.0,0.0
120,drunk,0.0,0.0,0.0,0.0,0.0,0.0
120,drunk,0.0,0.0,0.0,0.0,0.0,0.0
120,drunk,0.0,7.0,0.0,0.0,0.0,0.0
120,drunk,0.0,0.0,0.0,0.0,0.0,0.0
120,drunk,0.0,0.0,0.0,0.0,0.0,0.0
120,drunk,0.0,0.0,0.0,0.0,0.0,0.0
120,drunk,0.0,0.0,0.0,0.0,0.0,0.0
120,drunk,0.0,0.0,0.0,0.0,0.0,0.0
120,drunk,0.0,0.0,0.0,0.0,0.0,0.0
120,drunk,0.0,0.0,0.0,0.0,0.0,0.0
120,drunk,0.0,0.0,0.0,0.0,0.0,0.0
120,drunk,0.0,0.0,0.0,0.0,0.0,0.0
120,drunk,0.0,0.0,0.0,0.0,0.0,0.0
120,drunk,0.0,0.0,0.0,0.0,0.0,0.0
120,drunk,0.0,0.0,0.0,0.0,0.0,0.0
120,drunk,0.0,0.0,0.0,0.0,0.0,0.0
120,drunk,0.0,0.0,0.0,0.0,0.0,0.0
120,drunk,0.0,0.0,0.0,0.0,0.0,0.0
120,drunk,0.0,0.0,0.0,0.0,0.0,0.0
120,drunk,0.0,0.0,0.0,0.0,0.0,0.0
120,drunk,0.0,0.0,0.0,0.0,0.0,0.0
120,drunk,0.0,0.0,0.0,0.0,0.0,0.0
120,drunk,0.0,0.0,0.0,0.0,0.0,0.0
120,drunk,0.0,0.0,0.0,0.0,0.0,0.0
120,drunk,0.0,0.0,0.0,0.0,0.0,0.0
120,drunk,0.0,0.0,0.0,0.0,0.0,0.0
120,drunk,0.0,0.0,0.0,0.0,0.0,0.0
120,drunk,0.0,0.0,0.0,0.0,0.0,0.0
120,drunk,0.0,0.0,0.0,0.0,0.0,0.0
120,drunk,0.0,0.0,0.0,0.0,0.0,0.0
120,drunk,0.0,0.0,0.0,0.0,0.0,0.0
120,drunk,0.0,0.0,0.0,0.0,0.0,0.0
120,drunk,0.0,0.0,0.0,0.0,0.0,0.0
120,drunk,0.0,0.0,0.0,0.0,0.0,0.0
120,drunk,0.0,0.0,0.0,0.0,0.0,0.0
120,drunk,0.0,0.0,0.0,0.0,0.0,0.0
120,drunk,0.0,0.0,0.0,0.0,0.0,0.0
120,drunk,0.0,0.0,2.0,0.0,0.0,0.0
120,drunk,0.0,0.0,0.0,0.0,0.0,0.0
120,drunk,0.0,0.0,0.0,0.0,0.0,0.0
120,drunk,0.0,0.0,0.0,0.0,0.0,0.0
120,drunk,0.0,0.0,0.0,0.0,0.0,0.0
120,drunk,0.0,0.0,1.0,0.0,0.0,0.0
120,drunk,0.0,0.0,0.0,0.0,0.0,0.0
120,drunk,0.0,0.0,0.0,0.0,0.0,0.0
120,drunk,0.0,0.0,0.0,0.0,0.0,0.0
120,drunk,0.0,0.0,0.0,0.0,0.0,0.0
120,drunk,0.0,0.0,0.0,0.0,0.0,0.0
120,drunk,0.0,0.0,0.0,0.0,0.0,0.0
120,drunk,0.0,0.0,0.0,0.0,0.0,0.0
120,drunk,0.0,0.0,0.0,0.0,0.0,0.0
120,drunk,0.0,0.0,0.0,0.0,0.0,0.0
120,drunk,7.0,0.0,2.0,0.0,0.0,0.0
120,drunk,0.0,0.0,0.0,0.0,0.0,0.0
120,drunk,0.0,0.0,0.0,0.0,0.0,0.0
120,drunk,0.0,0.0,0.0,0.0,0.0,0.0
120,drunk,0.0,0.0,0.0,0.0,0.0,0.0
120,drunk,0.0,0.0,0.0,0.0,0.0,0.0
120,drunk,0.0,0.0,0.0,0.0,0.0,0.0
120,drunk,0.0,0.0,0.0,0.0,0.0,0.0
120,drunk,0.0,0.0,0.0,0.0,0.0,0.0
120,drunk,0.0,0.0,0.0,0.0,0.0,0.0
120,drunk,0.0,0.0,0.0,0.0,210.0,122.0
120,drunk,0.0,0.0,0.0,0.0,0.0,0.0
120,drunk,0.0,0.0,0.0,0.0,0.0,0.0
120,drunk,0.0,0.0,0.0,0.0,0.0,0.0
120,drunk,0.0,0.0,0.0,0.0,0.0,0.0
120,drunk,0.0,0.0,0.0,0.0,0.0,0.0
120,drunk,0.0,0.0,0.0,0.0,0.0,0.0
120,drunk,0.0,0.0,0.0,0.0,0.0,0.0
120,drunk,0.0,0.0,0.0,0.0,0.0,0.0
120,drunk,0.0,0.0,0.0,0.0,0.0,0.0
120,drunk,0.0,0.0,0.0,0.0,110.0,59.0
181,drunk,0.0,0.0,0.0,0.0,0.0,0.0
181,drunk,0.0,0.0,0.0,0.0,0.0,0.0
181,drunk,0.0,0.0,0.0,0.0,0.0,0.0
181,drunk,0.0,0.0,0.0,0.0,0.0,0.0
181,drunk,0.0,0.0,0.0,0.0,0.0,0.0
181,drunk,0.0,0.0,0.0,0.0,0.0,0.0
181,drunk,0.0,0.0,0.0,0.0,0.0,0.0
181,drunk,0.0,0.0,0.0,0.0,0.0,0.0
181,drunk,0.0,7.0,0.0,0.0,0.0,0.0
181,drunk,0.0,0.0,0.0,0.0,0.0,0.0
181,drunk,0.0,0.0,0.0,0.0,0.0,0.0
181,drunk,0.0,0.0,0.0,0.0,0.0,0.0
181,drunk,0.0,0.0,0.0,0.0,0.0,0.0
181,drunk,0.0,0.0,0.0,0.0,0.0,0.0
181,drunk,0.0,0.0,0.0,0.0,0.0,0.0
181,drunk,0.0,0.0,0.0,0.0,0.0,0.0
181,drunk,0.0,0.0,0.0,0.0,0.0,0.0
181,drunk,0.0,0.0,0.0,0.0,0.0,0.0
181,drunk,0.0,0.0,3.0,0.0,0.0,0.0
181,drunk,0.0,0.0,0.0,0.0,0.0,0.0
181,drunk,0.0,0.0,0.0,0.0,0.0,0.0
181,drunk,0.0,0.0,0.0,0.0,0.0,0.0
181,drunk,0.0,0.0,0.0,0.0,0.0,0.0
181,drunk,0.0,1.0,0.0,0.0,0.0,0.0
181,drunk,0.0,0.0,0.0,0.0,0.0,0.0
181,drunk,0.0,0.0,0.0,0.0,0.0,0.0
181,drunk,0.0,0.0,0.0,0.0,0.0,0.0
181,drunk,0.0,0.0,0.0,0.0,0.0,0.0
181,drunk,0.0,4.0,0.0,7.0,0.0,0.0
181,drunk,0.0,0.0,0.0,0.0,0.0,0.0
181,drunk,0.0,0.0,0.0,0.0,0.0,0.0
181,drunk,0.0,0.0,0.0,0.0,0.0,0.0
181,drunk,0.0,0.0,0.0,0.0,0.0,0.0
181,drunk,0.0,0.0,0.0,0.0,210.0,80.0
181,drunk,0.0,0.0,0.0,0.0,0.0,0.0
181,drunk,0.0,0.0,0.0,0.0,0.0,0.0
181,drunk,0.0,0.0,0.0,0.0,0.0,0.0
181,drunk,0.0,0.0,0.0,0.0,0.0,0.0
181,drunk,0.0,0.0,0.0,0.0,0.0,0.0
181,drunk,0.0,0.0,0.0,0.0,0.0,0.0
181,drunk,0.0,0.0,0.0,0.0,0.0,0.0
181,drunk,0.0,0.0,0.0,0.0,0.0,0.0
181,drunk,0.0,0.0,0.0,0.0,0.0,0.0
181,drunk,0.0,0.0,0.0,0.0,220.0,61.0
181,drunk,0.0,0.0,0.0,0.0,0.0,0.0
181,drunk,0.0,0.0,0.0,0.0,0.0,0.0
181,drunk,0.0,0.0,0.0,0.0,0.0,0.0
181,drunk,0.0,0.0,0.0,0.0,0.0,0.0
181,drunk,0.0,0.0,0.0,0.0,0.0,0.0
181,drunk,0.0,0.0,0.0,0.0,0.0,0.0
181,drunk,0.0,0.0,0.0,0.0,0.0,0.0
181,drunk,0.0,0.0,0.0,0.0,0.0,0.0
181,drunk,0.0,0.0,0.0,0.0,0.0,0.0
181,drunk,0.0,0.0,0.0,0.0,390.0,116.0
181,drunk,0.0,0.0,0.0,0.0,0.0,0.0
181,drunk,0.0,0.0,0.0,0.0,0.0,0.0
181,drunk,0.0,0.0,0.0,0.0,0.0,0.0
181,drunk,0.0,0.0,0.0,0.0,0.0,0.0
181,drunk,0.0,3.0,0.0,0.0,0.0,0.0
181,drunk,0.0,0.0,0.0,0.0,0.0,0.0
181,drunk,0.0,0.0,0.0,0.0,0.0,0.0
181,drunk,0.0,0.0,0.0,0.0,0.0,0.0
181,drunk,0.0,0.0,0.0,0.0,0.0,0.0
181,drunk,0.0,0.0,2.0,0.0,0.0,0.0
181,drunk,0.0,0.0,0.0,0.0,0.0,0.0
181,drunk,0.0,0.0,0.0,0.0,0.0,0.0
181,drunk,0.0,0.0,0.0,0.0,0.0,0.0
181,drunk,0.0,0.0,0.0,0.0,0.0,0.0
181,drunk,0.0,7.0,0.0,0.0,0.0,0.0
181,drunk,0.0,0.0,0.0,0.0,0.0,0.0
181,drunk,0.0,0.0,0.0,0.0,0.0,0.0
181,drunk,0.0,0.0,0.0,0.0,0.0,0.0
181,drunk,0.0,0.0,0.0,0.0,0.0,0.0
181,drunk,0.0,0.0,0.0,0.0,0.0,0.0
181,drunk,0.0,0.0,0.0,0.0,0.0,0.0
181,drunk,0.0,0.0,0.0,0.0,0.0,0.0
181,drunk,0.0,0.0,0.0,0.0,0.0,0.0
181,drunk,0.0,0.0,0.0,0.0,0.0,0.0
181,drunk,0.0,0.0,0.0,0.0,0.0,0.0
181,drunk,0.0,0.0,0.0,0.0,0.0,0.0
181,drunk,0.0,0.0,0.0,0.0,0.0,0.0
181,drunk,0.0,0.0,0.0,0.0,0.0,0.0
181,drunk,0.0,0.0,0.0,0.0,0.0,0.0
181,drunk,0.0,0.0,0.0,0.0,0.0,0.0
181,drunk,0.0,0.0,0.0,0.0,0.0,0.0
181,drunk,0.0,0.0,0.0,0.0,0.0,0.0
181,drunk,0.0,0.0,0.0,0.0,0.0,0.0
181,drunk,0.0,0.0,0.0,0.0,0.0,0.0
181,drunk,0.0,0.0,0.0,0.0,0.0,0.0
181,drunk,0.0,0.0,0.0,0.0,0.0,0.0
181,drunk,0.0,0.0,0.0,0.0,0.0,0.0
181,drunk,0.0,0.0,0.0,0.0,0.0,0.0
181,drunk,0.0,0.0,0.0,0.0,0.0,0.0
181,drunk,0.0,0.0,0.0,0.0,0.0,0.0
181,drunk,0.0,0.0,0.0,0.0,0.0,0.0
181,drunk,0.0,0.0,0.0,0.0,0.0,0.0
181,drunk,0.0,0.0,0.0,0.0,0.0,0.0
181,drunk,0.0,0.0,0.0,0.0,0.0,0.0
181,drunk,0.0,0.0,0.0,0.0,0.0,0.0
181,drunk,0.0,0.0,0.0,0.0,0.0,0.0
181,drunk,0.0,0.0,0.0,0.0,0.0,0.0
181,drunk,0.0,0.0,0.0,0.0,0.0,0.0
181,drunk,0.0,0.0,0.0,0.0,0.0,0.0
181,drunk,0.0,0.0,2.0,0.0,0.0,0.0
181,drunk,0.0,0.0,0.0,0.0,0.0,0.0
181,drunk,0.0,0.0,0.0,0.0,0.0,0.0
181,drunk,0.0,0.0,0.0,0.0,0.0,0.0
181,drunk,0.0,0.0,0.0,0.0,0.0,0.0
181,drunk,0.0,0.0,1.0,0.0,0.0,0.0
181,drunk,0.0,0.0,0.0,0.0,0.0,0.0
181,drunk,0.0,0.0,0.0,0.0,0.0,0.0
181,drunk,0.0,0.0,0.0,0.0,0.0,0.0
181,drunk,0.0,0.0,0.0,0.0,0.0,0.0
181,drunk,0.0,0.0,0.0,0.0,0.0,0.0
181,drunk,0.0,0.0,0.0,0.0,0.0,0.0
181,drunk,0.0,0.0,0.0,0.0,0.0,0.0
181,drunk,0.0,0.0,0.0,0.0,0.0,0.0
181,drunk,0.0,0.0,0.0,0.0,0.0,0.0
181,drunk,7.0,0.0,2.0,0.0,0.0,0.0
181,drunk,0.0,0.0,0.0,0.0,0.0,0.0
181,drunk,0.0,0.0,0.0,0.0,0.0,0.0
181,drunk,0.0,0.0,0.0,0.0,0.0,0.0
181,drunk,0.0,0.0,0.0,0.0,0.0,0.0
181,drunk,0.0,0.0,0.0,0.0,0.0,0.0
181,drunk,0.0,0.0,0.0,0.0,0.0,0.0
181,drunk,0.0,0.0,0.0,0.0,0.0,0.0
181,drunk,0.0,0.0,0.0,0.0,0.0,0.0
181,drunk,0.0,0.0,0.0,0.0,0.0,0.0
181,drunk,0.0,0.0,0.0,0.0,210.0,122.0
181,drunk,0.0,0.0,0.0,0.0,0.0,0.0
181,drunk,0.0,0.0,0.0,0.0,0.0,0.0
181,drunk,0.0,0.0,0.0,0.0,0.0,0.0
181,drunk,0.0,0.0,0.0,0.0,0.0,0.0
181,drunk,0.0,0.0,0.0,0.0,0.0,0.0
181,drunk,0.0,0.0,0.0,0.0,0.0,0.0
181,drunk,0.0,0.0,0.0,0.0,0.0,0.0
181,drunk,0.0,0.0,0.0,0.0,0.0,0.0
181,drunk,0.0,0.0,0.0,0.0,0.0,0.0
181,drunk,0.0,0.0,0.0,0.0,110.0,59.0
181,drunk,0.0,0.0,0.0,0.0,0.0,0.0
181,drunk,0.0,0.0,0.0,0.0,0.0,0.0
181,drunk,0.0,0.0,0.0,0.0,0.0,0.0
181,drunk,0.0,0.0,0.0,0.0,0.0,0.0
181,drunk,0.0,0.0,0.0,0.0,0.0,0.0
181,drunk,0.0,0.0,0.0,0.0,0.0,0.0
181,drunk,0.0,0.0,0.0,0.0,0.0,0.0
181,drunk,0.0,0.0,0.0,0.0,0.0,0.0
181,drunk,0.0,0.0,0.0,0.0,0.0,0.0
181,drunk,4.0,0.0,4.0,0.0,0.0,0.0
181,drunk,0.0,0.0,0.0,0.0,0.0,0.0
181,drunk,0.0,0.0,0.0,0.0,0.0,0.0
181,drunk,0.0,0.0,0.0,0.0,0.0,0.0
181,drunk,0.0,0.0,0.0,0.0,0.0,0.0
181,drunk,0.0,0.0,1.0,0.0,0.0,0.0
181,drunk,0.0,0.0,0.0,0.0,0.0,0.0
181,drunk,0.0,0.0,0.0,0.0,0.0,0.0
181,drunk,0.0,0.0,0.0,0.0,0.0,0.0
181,drunk,0.0,0.0,0.0,0.0,0.0,0.0
181,drunk,0.0,0.0,0.0,0.0,0.0,0.0
181,drunk,0.0,0.0,0.0,0.0,0.0,0.0
181,drunk,0.0,0.0,0.0,0.0,0.0,0.0
181,drunk,0.0,0.0,0.0,0.0,0.0,0.0
181,drunk,0.0,0.0,0.0,0.0,0.0,0.0
181,drunk,0.0,0.0,0.0,0.0,0.0,0.0
181,drunk,0.0,0.0,0.0,0.0,0.0,0.0
181,drunk,0.0,0.0,0.0,0.0,0.0,0.0
181,drunk,0.0,0.0,0.0,0.0,0.0,0.0
181,drunk,0.0,0.0,0.0,0.0,0.0,0.0
181,drunk,0.0,0.0,0.0,0.0,0.0,0.0
181,drunk,0.0,0.0,0.0,0.0,0.0,0.0
181,drunk,0.0,0.0,0.0,0.0,0.0,0.0
181,drunk,0.0,0.0,0.0,0.0,0.0,0.0
181,drunk,0.0,0.0,0.0,0.0,0.0,0.0
181,drunk,0.0,0.0,0.0,0.0,0.0,0.0
181,drunk,0.0,0.0,0.0,0.0,0.0,0.0
181,drunk,0.0,0.0,0.0,0.0,0.0,0.0
181,drunk,0.0,0.0,0.0,0.0,0.0,0.0
181,drunk,0.0,0.0,0.0,0.0,0.0,0.0
181,drunk,0.0,0.0,0.0,0.0,0.0,0.0
181,drunk,0.0,0.0,0.0,0.0,0.0,0.0
181,drunk,0.0,0.0,0.0,0.0,0.0,0.0
181,drunk,0.0,0.0,0.0,0.0,0.0,0.0
181,drunk,0.0,0.0,0.0,0.0,0.0,0.0
181,drunk,0.0,3.0,0.0,0.0,0.0,0.0
181,drunk,0.0,0.0,0.0,0.0,0.0,0.0
181,drunk,0.0,0.0,0.0,0.0,0.0,0.0
181,drunk,0.0,0.0,0.0,0.0,0.0,0.0
181,drunk,0.0,0.0,0.0,0.0,0.0,0.0
181,drunk,0.0,0.0,0.0,0.0,0.0,0.0
181,drunk,0.0,0.0,0.0,0.0,0.0,0.0
181,drunk,0.0,0.0,0.0,0.0,0.0,0.0
181,drunk,0.0,0.0,0.0,0.0,0.0,0.0
181,drunk,0.0,0.0,0.0,0.0,0.0,0.0
181,drunk,0.0,0.0,0.0,0.0,0.0,0.0
181,drunk,0.0,0.0,0.0,0.0,0.0,0.0
181,drunk,0.0,0.0,0.0,0.0,0.0,0.0
181,drunk,0.0,0.0,0.0,0.0,0.0,0.0
181,drunk,0.0,0.0,0.0,0.0,0.0,0.0
181,drunk,0.0,0.0,0.0,0.0,60.0,26.0
181,drunk,0.0,0.0,0.0,0.0,0.0,0.0
241,drunk,0.0,0.0,0.0,0.0,0.0,0.0
241,drunk,0.0,0.0,0.0,0.0,0.0,0.0
241,drunk,0.0,0.0,0.0,0.0,0.0,0.0
241,drunk,0.0,0.0,2.0,0.0,0.0,0.0
241,drunk,0.0,0.0,0.0,0.0,0.0,0.0
241,drunk,0.0,0.0,0.0,0.0,0.0,0.0
241,drunk,0.0,0.0,0.0,0.0,0.0,0.0
241,drunk,0.0,0.0,0.0,0.0,0.0,0.0
241,drunk,0.0,7.0,0.0,0.0,0.0,0.0
241,drunk,0.0,0.0,0.0,0.0,0.0,0.0
241,drunk,0.0,0.0,0.0,0.0,0.0,0.0
241,drunk,0.0,0.0,0.0,0.0,0.0,0.0
241,drunk,0.0,0.0,0.0,0.0,0.0,0.0
241,drunk,0.0,0.0,0.0,0.0,0.0,0.0
241,drunk,0.0,0.0,0.0,0.0,0.0,0.0
241,drunk,0.0,0.0,0.0,0.0,0.0,0.0
241,drunk,0.0,0.0,0.0,0.0,0.0,0.0
241,drunk,0.0,0.0,0.0,0.0,0.0,0.0
241,drunk,0.0,0.0,0.0,0.0,0.0,0.0
241,drunk,0.0,0.0,0.0,0.0,0.0,0.0
241,drunk,0.0,0.0,0.0,0.0,0.0,0.0
241,drunk,0.0,0.0,0.0,0.0,0.0,0.0
241,drunk,0.0,0.0,0.0,0.0,0.0,0.0
241,drunk,0.0,0.0,0.0,0.0,0.0,0.0
241,drunk,0.0,0.0,0.0,0.0,0.0,0.0
241,drunk,0.0,0.0,0.0,0.0,0.0,0.0
241,drunk,0.0,0.0,0.0,0.0,0.0,0.0
241,drunk,0.0,0.0,0.0,0.0,0.0,0.0
241,drunk,0.0,0.0,0.0,0.0,0.0,0.0
241,drunk,0.0,0.0,0.0,0.0,0.0,0.0
241,drunk,0.0,0.0,0.0,0.0,0.0,0.0
241,drunk,0.0,0.0,0.0,0.0,0.0,0.0
241,drunk,0.0,0.0,0.0,0.0,0.0,0.0
241,drunk,0.0,0.0,0.0,0.0,0.0,0.0
241,drunk,0.0,0.0,0.0,0.0,0.0,0.0
241,drunk,0.0,0.0,0.0,0.0,0.0,0.0
241,drunk,0.0,0.0,0.0,0.0,0.0,0.0
241,drunk,0.0,0.0,0.0,0.0,0.0,0.0
241,drunk,0.0,0.0,0.0,0.0,0.0,0.0
241,drunk,0.0,0.0,0.0,0.0,0.0,0.0
241,drunk,0.0,0.0,0.0,0.0,0.0,0.0
241,drunk,0.0,0.0,0.0,0.0,0.0,0.0
241,drunk,0.0,0.0,0.0,0.0,0.0,0.0
241,drunk,0.0,0.0,2.0,0.0,0.0,0.0
241,drunk,0.0,0.0,0.0,0.0,0.0,0.0
241,drunk,0.0,0.0,0.0,0.0,0.0,0.0
241,drunk,0.0,0.0,0.0,0.0,0.0,0.0
241,drunk,0.0,0.0,0.0,0.0,0.0,0.0
241,drunk,0.0,0.0,1.0,0.0,0.0,0.0
241,drunk,0.0,0.0,0.0,0.0,0.0,0.0
241,drunk,0.0,0.0,0.0,0.0,0.0,0.0
241,drunk,0.0,0.0,0.0,0.0,0.0,0.0
241,drunk,0.0,0.0,0.0,0.0,0.0,0.0
241,drunk,0.0,0.0,0.0,0.0,0.0,0.0
241,drunk,0.0,0.0,0.0,0.0,0.0,0.0
241,drunk,0.0,0.0,0.0,0.0,0.0,0.0
241,drunk,0.0,0.0,0.0,0.0,0.0,0.0
241,drunk,0.0,0.0,0.0,0.0,0.0,0.0
241,drunk,7.0,0.0,2.0,0.0,0.0,0.0
241,drunk,0.0,0.0,0.0,0.0,0.0,0.0
241,drunk,0.0,0.0,0.0,0.0,0.0,0.0
241,drunk,0.0,0.0,0.0,0.0,0.0,0.0
241,drunk,0.0,0.0,0.0,0.0,0.0,0.0
241,drunk,0.0,0.0,0.0,0.0,0.0,0.0
241,drunk,0.0,0.0,0.0,0.0,0.0,0.0
241,drunk,0.0,0.0,0.0,0.0,0.0,0.0
241,drunk,0.0,0.0,0.0,0.0,0.0,0.0
241,drunk,0.0,0.0,0.0,0.0,0.0,0.0
241,drunk,0.0,0.0,0.0,0.0,210.0,122.0
241,drunk,0.0,0.0,0.0,0.0,0.0,0.0
241,drunk,0.0,0.0,0.0,0.0,0.0,0.0
241,drunk,0.0,0.0,0.0,0.0,0.0,0.0
241,drunk,0.0,0.0,0.0,0.0,0.0,0.0
241,drunk,0.0,0.0,0.0,0.0,0.0,0.0
241,drunk,0.0,0.0,0.0,0.0,0.0,0.0
241,drunk,0.0,0.0,0.0,0.0,0.0,0.0
241,drunk,0.0,0.0,0.0,0.0,0.0,0.0
241,drunk,0.0,0.0,0.0,0.0,0.0,0.0
241,drunk,0.0,0.0,0.0,0.0,110.0,59.0
241,drunk,0.0,0.0,0.0,0.0,0.0,0.0
241,drunk,0.0,0.0,0.0,0.0,0.0,0.0
241,drunk,0.0,0.0,0.0,0.0,0.0,0.0
241,drunk,0.0,0.0,0.0,0.0,0.0,0.0
241,drunk,0.0,0.0,0.0,0.0,0.0,0.0
241,drunk,0.0,0.0,0.0,0.0,0.0,0.0
241,drunk,0.0,0.0,0.0,0.0,0.0,0.0
241,drunk,0.0,0.0,0.0,0.0,0.0,0.0
241,drunk,0.0,0.0,0.0,0.0,0.0,0.0
241,drunk,4.0,0.0,4.0,0.0,0.0,0.0
241,drunk,0.0,0.0,0.0,0.0,0.0,0.0
241,drunk,0.0,0.0,0.0,0.0,0.0,0.0
241,drunk,0.0,0.0,0.0,0.0,0.0,0.0
241,drunk,0.0,0.0,0.0,0.0,0.0,0.0
241,drunk,0.0,0.0,1.0,0.0,0.0,0.0
241,drunk,0.0,0.0,0.0,0.0,0.0,0.0
241,drunk,0.0,0.0,0.0,0.0,0.0,0.0
241,drunk,0.0,0.0,0.0,0.0,0.0,0.0
241,drunk,0.0,0.0,0.0,0.0,0.0,0.0
241,drunk,0.0,0.0,0.0,0.0,0.0,0.0
241,drunk,0.0,0.0,0.0,0.0,0.0,0.0
241,drunk,0.0,0.0,0.0,0.0,0.0,0.0
241,drunk,0.0,0.0,0.0,0.0,0.0,0.0
241,drunk,0.0,0.0,0.0,0.0,0.0,0.0
241,drunk,0.0,0.0,0.0,0.0,0.0,0.0
241,drunk,0.0,0.0,0.0,0.0,0.0,0.0
241,drunk,0.0,0.0,0.0,0.0,0.0,0.0
241,drunk,0.0,0.0,0.0,0.0,0.0,0.0
241,drunk,0.0,0.0,0.0,0.0,0.0,0.0
241,drunk,0.0,0.0,0.0,0.0,0.0,0.0
241,drunk,0.0,0.0,0.0,0.0,0.0,0.0
241,drunk,0.0,0.0,0.0,0.0,0.0,0.0
241,drunk,0.0,0.0,0.0,0.0,0.0,0.0
241,drunk,0.0,0.0,0.0,0.0,0.0,0.0
241,drunk,0.0,0.0,0.0,0.0,0.0,0.0
241,drunk,0.0,0.0,0.0,0.0,0.0,0.0
241,drunk,0.0,0.0,0.0,0.0,0.0,0.0
241,drunk,0.0,0.0,0.0,0.0,0.0,0.0
241,drunk,0.0,0.0,0.0,0.0,0.0,0.0
241,drunk,0.0,0.0,0.0,0.0,0.0,0.0
241,drunk,0.0,0.0,0.0,0.0,0.0,0.0
241,drunk,0.0,0.0,0.0,0.0,0.0,0.0
241,drunk,0.0,0.0,0.0,0.0,0.0,0.0
241,drunk,0.0,0.0,0.0,0.0,0.0,0.0
241,drunk,0.0,3.0,0.0,0.0,0.0,0.0
241,drunk,0.0,0.0,0.0,0.0,0.0,0.0
241,drunk,0.0,0.0,0.0,0.0,0.0,0.0
241,drunk,0.0,0.0,0.0,0.0,0.0,0.0
241,drunk,0.0,0.0,0.0,0.0,0.0,0.0
241,drunk,0.0,0.0,0.0,0.0,0.0,0.0
241,drunk,0.0,0.0,0.0,0.0,0.0,0.0
241,drunk,0.0,0.0,0.0,0.0,0.0,0.0
241,drunk,0.0,0.0,0.0,0.0,0.0,0.0
241,drunk,0.0,0.0,0.0,0.0,0.0,0.0
241,drunk,0.0,0.0,0.0,0.0,0.0,0.0
241,drunk,0.0,0.0,0.0,0.0,0.0,0.0
241,drunk,0.0,0.0,0.0,0.0,0.0,0.0
241,drunk,0.0,0.0,0.0,0.0,0.0,0.0
241,drunk,0.0,0.0,0.0,0.0,0.0,0.0
241,drunk,0.0,0.0,0.0,0.0,60.0,26.0
241,drunk,0.0,0.0,0.0,0.0,0.0,0.0
241,drunk,0.0,0.0,0.0,0.0,0.0,0.0
241,drunk,0.0,0.0,0.0,0.0,0.0,0.0
241,drunk,0.0,0.0,0.0,0.0,0.0,0.0
241,drunk,0.0,0.0,0.0,0.0,120.0,160.0
241,drunk,0.0,0.0,0.0,0.0,0.0,0.0
241,drunk,0.0,0.0,0.0,0.0,0.0,0.0
241,drunk,0.0,0.0,0.0,0.0,0.0,0.0
241,drunk,0.0,0.0,0.0,0.0,0.0,0.0
241,drunk,0.0,0.0,0.0,2.0,0.0,0.0
241,drunk,0.0,0.0,0.0,0.0,0.0,0.0
241,drunk,0.0,0.0,0.0,0.0,0.0,0.0
241,drunk,0.0,0.0,0.0,0.0,0.0,0.0
241,drunk,0.0,0.0,0.0,0.0,0.0,0.0
241,drunk,2.0,0.0,0.0,4.0,0.0,0.0
241,drunk,0.0,0.0,0.0,0.0,0.0,0.0
241,drunk,0.0,0.0,0.0,0.0,0.0,0.0
241,drunk,0.0,0.0,0.0,0.0,0.0,0.0
241,drunk,0.0,0.0,0.0,0.0,0.0,0.0
241,drunk,0.0,2.0,0.0,0.0,0.0,0.0
241,drunk,0.0,0.0,0.0,0.0,0.0,0.0
241,drunk,0.0,0.0,0.0,0.0,0.0,0.0
241,drunk,0.0,0.0,0.0,0.0,0.0,0.0
241,drunk,0.0,0.0,0.0,0.0,0.0,0.0
241,drunk,0.0,0.0,0.0,0.0,0.0,0.0
241,drunk,0.0,0.0,0.0,0.0,0.0,0.0
241,drunk,0.0,0.0,0.0,0.0,0.0,0.0
241,drunk,0.0,0.0,0.0,0.0,0.0,0.0
241,drunk,0.0,0.0,0.0,0.0,0.0,0.0
241,drunk,3.0,0.0,0.0,0.0,0.0,0.0
241,drunk,0.0,0.0,0.0,0.0,0.0,0.0
241,drunk,0.0,0.0,0.0,0.0,0.0,0.0
241,drunk,0.0,0.0,0.0,0.0,0.0,0.0
241,drunk,0.0,0.0,0.0,0.0,0.0,0.0
241,drunk,0.0,0.0,0.0,0.0,0.0,0.0
241,drunk,0.0,0.0,0.0,0.0,0.0,0.0
241,drunk,0.0,0.0,0.0,0.0,0.0,0.0
241,drunk,0.0,0.0,0.0,0.0,0.0,0.0
241,drunk,0.0,0.0,0.0,0.0,0.0,0.0
241,drunk,0.0,0.0,0.0,0.0,0.0,0.0
241,drunk,0.0,0.0,0.0,0.0,0.0,0.0
241,drunk,0.0,0.0,0.0,0.0,0.0,0.0
241,drunk,0.0,0.0,0.0,0.0,0.0,0.0
241,drunk,0.0,0.0,0.0,0.0,0.0,0.0
241,drunk,0.0,0.0,0.0,0.0,0.0,0.0
241,drunk,0.0,0.0,0.0,0.0,0.0,0.0
241,drunk,0.0,0.0,0.0,0.0,0.0,0.0
241,drunk,0.0,0.0,0.0,0.0,0.0,0.0
241,drunk,0.0,0.0,0.0,0.0,0.0,0.0
241,drunk,0.0,0.0,0.0,0.0,0.0,0.0
241,drunk,0.0,0.0,0.0,0.0,0.0,0.0
241,drunk,0.0,0.0,0.0,0.0,0.0,0.0
241,drunk,0.0,0.0,0.0,0.0,0.0,0.0
241,drunk,0.0,0.0,0.0,0.0,0.0,0.0
241,drunk,0.0,0.0,0.0,0.0,0.0,0.0
241,drunk,0.0,0.0,0.0,0.0,0.0,0.0
241,drunk,0.0,0.0,0.0,0.0,0.0,0.0
241,drunk,0.0,0.0,0.0,0.0,0.0,0.0
241,drunk,0.0,0.0,0.0,0.0,0.0,0.0
241,drunk,0.0,0.0,0.0,0.0,0.0,0.0
241,drunk,0.0,0.0,0.0,0.0,0.0,0.0
301,drunk,0.0,0.0,0.0,0.0,0.0,0.0
301,drunk,0.0,0.0,0.0,0.0,0.0,0.0
301,drunk,0.0,0.0,0.0,0.0,0.0,0.0
301,drunk,0.0,0.0,0.0,0.0,0.0,0.0
301,drunk,0.0,0.0,0.0,0.0,0.0,0.0
301,drunk,0.0,0.0,0.0,0.0,0.0,0.0
301,drunk,0.0,0.0,0.0,0.0,0.0,0.0
301,drunk,0.0,0.0,0.0,0.0,0.0,0.0
301,drunk,0.0,0.0,0.0,0.0,210.0,122.0
301,drunk,0.0,0.0,0.0,0.0,0.0,0.0
301,drunk,0.0,0.0,0.0,0.0,0.0,0.0
301,drunk,0.0,0.0,0.0,0.0,0.0,0.0
301,drunk,0.0,0.0,0.0,0.0,0.0,0.0
301,drunk,0.0,0.0,0.0,0.0,0.0,0.0
301,drunk,0.0,0.0,0.0,0.0,0.0,0.0
301,drunk,0.0,0.0,0.0,0.0,0.0,0.0
301,drunk,0.0,0.0,0.0,0.0,0.0,0.0
301,drunk,0.0,0.0,0.0,0.0,0.0,0.0
301,drunk,0.0,0.0,0.0,0.0,110.0,59.0
301,drunk,0.0,0.0,0.0,0.0,0.0,0.0
301,drunk,0.0,0.0,0.0,0.0,0.0,0.0
301,drunk,0.0,0.0,0.0,0.0,0.0,0.0
301,drunk,0.0,0.0,0.0,0.0,0.0,0.0
301,drunk,0.0,0.0,0.0,0.0,0.0,0.0
301,drunk,0.0,0.0,0.0,0.0,0.0,0.0
301,drunk,0.0,0.0,0.0,0.0,0.0,0.0
301,drunk,0.0,0.0,0.0,0.0,0.0,0.0
301,drunk,0.0,0.0,0.0,0.0,0.0,0.0
301,drunk,4.0,0.0,4.0,0.0,0.0,0.0
301,drunk,0.0,0.0,0.0,0.0,0.0,0.0
301,drunk,0.0,0.0,0.0,0.0,0.0,0.0
301,drunk,0.0,0.0,0.0,0.0,0.0,0.0
301,drunk,0.0,0.0,0.0,0.0,0.0,0.0
301,drunk,0.0,0.0,1.0,0.0,0.0,0.0
301,drunk,0.0,0.0,0.0,0.0,0.0,0.0
301,drunk,0.0,0.0,0.0,0.0,0.0,0.0
301,drunk,0.0,0.0,0.0,0.0,0.0,0.0
301,drunk,0.0,0.0,0.0,0.0,0.0,0.0
301,drunk,0.0,0.0,0.0,0.0,0.0,0.0
301,drunk,0.0,0.0,0.0,0.0,0.0,0.0
301,drunk,0.0,0.0,0.0,0.0,0.0,0.0
301,drunk,0.0,0.0,0.0,0.0,0.0,0.0
301,drunk,0.0,0.0,0.0,0.0,0.0,0.0
301,drunk,0.0,0.0,0.0,0.0,0.0,0.0
301,drunk,0.0,0.0,0.0,0.0,0.0,0.0
301,drunk,0.0,0.0,0.0,0.0,0.0,0.0
301,drunk,0.0,0.0,0.0,0.0,0.0,0.0
301,drunk,0.0,0.0,0.0,0.0,0.0,0.0
301,drunk,0.0,0.0,0.0,0.0,0.0,0.0
301,drunk,0.0,0.0,0.0,0.0,0.0,0.0
301,drunk,0.0,0.0,0.0,0.0,0.0,0.0
301,drunk,0.0,0.0,0.0,0.0,0.0,0.0
301,drunk,0.0,0.0,0.0,0.0,0.0,0.0
301,drunk,0.0,0.0,0.0,0.0,0.0,0.0
301,drunk,0.0,0.0,0.0,0.0,0.0,0.0
301,drunk,0.0,0.0,0.0,0.0,0.0,0.0
301,drunk,0.0,0.0,0.0,0.0,0.0,0.0
301,drunk,0.0,0.0,0.0,0.0,0.0,0.0
301,drunk,0.0,0.0,0.0,0.0,0.0,0.0
301,drunk,0.0,0.0,0.0,0.0,0.0,0.0
301,drunk,0.0,0.0,0.0,0.0,0.0,0.0
301,drunk,0.0,0.0,0.0,0.0,0.0,0.0
301,drunk,0.0,0.0,0.0,0.0,0.0,0.0
301,drunk,0.0,3.0,0.0,0.0,0.0,0.0
301,drunk,0.0,0.0,0.0,0.0,0.0,0.0
301,drunk,0.0,0.0,0.0,0.0,0.0,0.0
301,drunk,0.0,0.0,0.0,0.0,0.0,0.0
301,drunk,0.0,0.0,0.0,0.0,0.0,0.0
301,drunk,0.0,0.0,0.0,0.0,0.0,0.0
301,drunk,0.0,0.0,0.0,0.0,0.0,0.0
301,drunk,0.0,0.0,0.0,0.0,0.0,0.0
301,drunk,0.0,0.0,0.0,0.0,0.0,0.0
301,drunk,0.0,0.0,0.0,0.0,0.0,0.0
301,drunk,0.0,0.0,0.0,0.0,0.0,0.0
301,drunk,0.0,0.0,0.0,0.0,0.0,0.0
301,drunk,0.0,0.0,0.0,0.0,0.0,0.0
301,drunk,0.0,0.0,0.0,0.0,0.0,0.0
301,drunk,0.0,0.0,0.0,0.0,0.0,0.0
301,drunk,0.0,0.0,0.0,0.0,60.0,26.0
301,drunk,0.0,0.0,0.0,0.0,0.0,0.0
301,drunk,0.0,0.0,0.0,0.0,0.0,0.0
301,drunk,0.0,0.0,0.0,0.0,0.0,0.0
301,drunk,0.0,0.0,0.0,0.0,0.0,0.0
301,drunk,0.0,0.0,0.0,0.0,120.0,160.0
301,drunk,0.0,0.0,0.0,0.0,0.0,0.0
301,drunk,0.0,0.0,0.0,0.0,0.0,0.0
301,drunk,0.0,0.0,0.0,0.0,0.0,0.0
301,drunk,0.0,0.0,0.0,0.0,0.0,0.0
301,drunk,0.0,0.0,0.0,2.0,0.0,0.0
301,drunk,0.0,0.0,0.0,0.0,0.0,0.0
301,drunk,0.0,0.0,0.0,0.0,0.0,0.0
301,drunk,0.0,0.0,0.0,0.0,0.0,0.0
301,drunk,0.0,0.0,0.0,0.0,0.0,0.0
301,drunk,2.0,0.0,0.0,4.0,0.0,0.0
301,drunk,0.0,0.0,0.0,0.0,0.0,0.0
301,drunk,0.0,0.0,0.0,0.0,0.0,0.0
301,drunk,0.0,0.0,0.0,0.0,0.0,0.0
301,drunk,0.0,0.0,0.0,0.0,0.0,0.0
301,drunk,0.0,2.0,0.0,0.0,0.0,0.0
301,drunk,0.0,0.0,0.0,0.0,0.0,0.0
301,drunk,0.0,0.0,0.0,0.0,0.0,0.0
301,drunk,0.0,0.0,0.0,0.0,0.0,0.0
301,drunk,0.0,0.0,0.0,0.0,0.0,0.0
301,drunk,0.0,0.0,0.0,0.0,0.0,0.0
301,drunk,0.0,0.0,0.0,0.0,0.0,0.0
301,drunk,0.0,0.0,0.0,0.0,0.0,0.0
301,drunk,0.0,0.0,0.0,0.0,0.0,0.0
301,drunk,0.0,0.0,0.0,0.0,0.0,0.0
301,drunk,3.0,0.0,0.0,0.0,0.0,0.0
301,drunk,0.0,0.0,0.0,0.0,0.0,0.0
301,drunk,0.0,0.0,0.0,0.0,0.0,0.0
301,drunk,0.0,0.0,0.0,0.0,0.0,0.0
301,drunk,0.0,0.0,0.0,0.0,0.0,0.0
301,drunk,0.0,0.0,0.0,0.0,0.0,0.0
301,drunk,0.0,0.0,0.0,0.0,0.0,0.0
301,drunk,0.0,0.0,0.0,0.0,0.0,0.0
301,drunk,0.0,0.0,0.0,0.0,0.0,0.0
301,drunk,0.0,0.0,0.0,0.0,0.0,0.0
301,drunk,0.0,0.0,0.0,0.0,0.0,0.0
301,drunk,0.0,0.0,0.0,0.0,0.0,0.0
301,drunk,0.0,0.0,0.0,0.0,0.0,0.0
301,drunk,0.0,0.0,0.0,0.0,0.0,0.0
301,drunk,0.0,0.0,0.0,0.0,0.0,0.0
301,drunk,0.0,0.0,0.0,0.0,0.0,0.0
301,drunk,0.0,0.0,0.0,0.0,0.0,0.0
301,drunk,0.0,0.0,0.0,0.0,0.0,0.0
301,drunk,0.0,0.0,0.0,0.0,0.0,0.0
301,drunk,0.0,0.0,0.0,0.0,0.0,0.0
301,drunk,0.0,0.0,0.0,0.0,0.0,0.0
301,drunk,0.0,0.0,0.0,0.0,0.0,0.0
301,drunk,0.0,0.0,0.0,0.0,0.0,0.0
301,drunk,0.0,0.0,0.0,0.0,0.0,0.0
301,drunk,0.0,0.0,0.0,0.0,0.0,0.0
301,drunk,0.0,0.0,0.0,0.0,0.0,0.0
301,drunk,0.0,0.0,0.0,0.0,0.0,0.0
301,drunk,0.0,0.0,0.0,0.0,0.0,0.0
301,drunk,0.0,0.0,0.0,0.0,0.0,0.0
301,drunk,0.0,0.0,0.0,0.0,0.0,0.0
301,drunk,0.0,0.0,0.0,0.0,0.0,0.0
301,drunk,0.0,0.0,0.0,0.0,0.0,0.0
301,drunk,0.0,0.0,0.0,0.0,0.0,0.0
301,drunk,0.0,0.0,0.0,0.0,0.0,0.0
301,drunk,0.0,0.0,0.0,0.0,0.0,0.0
301,drunk,0.0,0.0,0.0,0.0,60.0,92.0
301,drunk,0.0,0.0,0.0,0.0,0.0,0.0
301,drunk,0.0,0.0,0.0,0.0,0.0,0.0
301,drunk,0.0,0.0,0.0,0.0,0.0,0.0
301,drunk,0.0,0.0,0.0,0.0,0.0,0.0
301,drunk,0.0,0.0,0.0,0.0,0.0,0.0
301,drunk,0.0,0.0,0.0,0.0,0.0,0.0
301,drunk,0.0,0.0,0.0,0.0,0.0,0.0
301,drunk,0.0,0.0,0.0,0.0,0.0,0.0
301,drunk,0.0,0.0,0.0,0.0,0.0,0.0
301,drunk,0.0,0.0,7.0,0.0,0.0,0.0
301,drunk,0.0,0.0,0.0,0.0,0.0,0.0
301,drunk,0.0,0.0,0.0,0.0,0.0,0.0
301,drunk,0.0,0.0,0.0,0.0,0.0,0.0
301,drunk,0.0,0.0,0.0,0.0,0.0,0.0
301,drunk,0.0,7.0,0.0,0.0,0.0,0.0
301,drunk,0.0,0.0,0.0,0.0,0.0,0.0
301,drunk,0.0,0.0,0.0,0.0,0.0,0.0
301,drunk,0.0,0.0,0.0,0.0,0.0,0.0
301,drunk,0.0,0.0,0.0,0.0,0.0,0.0
301,drunk,0.0,0.0,0.0,0.0,0.0,0.0
301,drunk,0.0,0.0,0.0,0.0,0.0,0.0
301,drunk,0.0,0.0,0.0,0.0,0.0,0.0
301,drunk,0.0,0.0,0.0,0.0,0.0,0.0
301,drunk,0.0,0.0,0.0,0.0,0.0,0.0
301,drunk,0.0,0.0,0.0,3.0,0.0,0.0
301,drunk,0.0,0.0,0.0,0.0,0.0,0.0
301,drunk,0.0,0.0,0.0,0.0,0.0,0.0
301,drunk,0.0,0.0,0.0,0.0,0.0,0.0
301,drunk,0.0,0.0,0.0,0.0,0.0,0.0
301,drunk,7.0,0.0,0.0,0.0,0.0,0.0
301,drunk,0.0,0.0,0.0,0.0,0.0,0.0
301,drunk,0.0,0.0,0.0,0.0,0.0,0.0
301,drunk,0.0,0.0,0.0,0.0,0.0,0.0
301,drunk,0.0,0.0,0.0,0.0,0.0,0.0
301,drunk,7.0,0.0,0.0,0.0,0.0,0.0
301,drunk,0.0,0.0,0.0,0.0,0.0,0.0
301,drunk,0.0,0.0,0.0,0.0,0.0,0.0
301,drunk,0.0,0.0,0.0,0.0,0.0,0.0
301,drunk,0.0,0.0,0.0,0.0,0.0,0.0
301,drunk,0.0,0.0,0.0,0.0,0.0,0.0
301,drunk,0.0,0.0,0.0,0.0,0.0,0.0
301,drunk,0.0,0.0,0.0,0.0,0.0,0.0
301,drunk,0.0,0.0,0.0,0.0,0.0,0.0
301,drunk,0.0,0.0,0.0,0.0,0.0,0.0
301,drunk,7.0,0.0,0.0,0.0,0.0,0.0
301,drunk,0.0,0.0,0.0,0.0,0.0,0.0
301,drunk,0.0,0.0,0.0,0.0,0.0,0.0
301,drunk,0.0,0.0,0.0,0.0,0.0,0.0
301,drunk,0.0,0.0,0.0,0.0,0.0,0.0
301,drunk,0.0,0.0,0.0,0.0,0.0,0.0
301,drunk,0.0,0.0,0.0,0.0,0.0,0.0
301,drunk,0.0,0.0,0.0,0.0,0.0,0.0
301,drunk,0.0,0.0,0.0,0.0,0.0,0.0
301,drunk,0.0,0.0,0.0,0.0,0.0,0.0
301,drunk,0.0,6.0,1.0,0.0,0.0,0.0
301,drunk,0.0,0.0,0.0,0.0,0.0,0.0
361,drunk,0.0,0.0,0.0,0.0,0.0,0.0
361,drunk,0.0,0.0,0.0,0.0,0.0,0.0
361,drunk,0.0,0.0,0.0,0.0,0.0,0.0
361,drunk,0.0,3.0,0.0,0.0,0.0,0.0
361,drunk,0.0,0.0,0.0,0.0,0.0,0.0
361,drunk,0.0,0.0,0.0,0.0,0.0,0.0
361,drunk,0.0,0.0,0.0,0.0,0.0,0.0
361,drunk,0.0,0.0,0.0,0.0,0.0,0.0
361,drunk,0.0,0.0,0.0,0.0,0.0,0.0
361,drunk,0.0,0.0,0.0,0.0,0.0,0.0
361,drunk,0.0,0.0,0.0,0.0,0.0,0.0
361,drunk,0.0,0.0,0.0,0.0,0.0,0.0
361,drunk,0.0,0.0,0.0,0.0,0.0,0.0
361,drunk,0.0,0.0,0.0,0.0,0.0,0.0
361,drunk,0.0,0.0,0.0,0.0,0.0,0.0
361,drunk,0.0,0.0,0.0,0.0,0.0,0.0
361,drunk,0.0,0.0,0.0,0.0,0.0,0.0
361,drunk,0.0,0.0,0.0,0.0,0.0,0.0
361,drunk,0.0,0.0,0.0,0.0,60.0,26.0
361,drunk,0.0,0.0,0.0,0.0,0.0,0.0
361,drunk,0.0,0.0,0.0,0.0,0.0,0.0
361,drunk,0.0,0.0,0.0,0.0,0.0,0.0
361,drunk,0.0,0.0,0.0,0.0,0.0,0.0
361,drunk,0.0,0.0,0.0,0.0,120.0,160.0
361,drunk,0.0,0.0,0.0,0.0,0.0,0.0
361,drunk,0.0,0.0,0.0,0.0,0.0,0.0
361,drunk,0.0,0.0,0.0,0.0,0.0,0.0
361,drunk,0.0,0.0,0.0,0.0,0.0,0.0
361,drunk,0.0,0.0,0.0,2.0,0.0,0.0
361,drunk,0.0,0.0,0.0,0.0,0.0,0.0
361,drunk,0.0,0.0,0.0,0.0,0.0,0.0
361,drunk,0.0,0.0,0.0,0.0,0.0,0.0
361,drunk,0.0,0.0,0.0,0.0,0.0,0.0
361,drunk,2.0,0.0,0.0,4.0,0.0,0.0
361,drunk,0.0,0.0,0.0,0.0,0.0,0.0
361,drunk,0.0,0.0,0.0,0.0,0.0,0.0
361,drunk,0.0,0.0,0.0,0.0,0.0,0.0
361,drunk,0.0,0.0,0.0,0.0,0.0,0.0
361,drunk,0.0,2.0,0.0,0.0,0.0,0.0
361,drunk,0.0,0.0,0.0,0.0,0.0,0.0
361,drunk,0.0,0.0,0.0,0.0,0.0,0.0
361,drunk,0.0,0.0,0.0,0.0,0.0,0.0
361,drunk,0.0,0.0,0.0,0.0,0.0,0.0
361,drunk,0.0,0.0,0.0,0.0,0.0,0.0
361,drunk,0.0,0.0,0.0,0.0,0.0,0.0
361,drunk,0.0,0.0,0.0,0.0,0.0,0.0
361,drunk,0.0,0.0,0.0,0.0,0.0,0.0
361,drunk,0.0,0.0,0.0,0.0,0.0,0.0
361,drunk,3.0,0.0,0.0,0.0,0.0,0.0
361,drunk,0.0,0.0,0.0,0.0,0.0,0.0
361,drunk,0.0,0.0,0.0,0.0,0.0,0.0
361,drunk,0.0,0.0,0.0,0.0,0.0,0.0
361,drunk,0.0,0.0,0.0,0.0,0.0,0.0
361,drunk,0.0,0.0,0.0,0.0,0.0,0.0
361,drunk,0.0,0.0,0.0,0.0,0.0,0.0
361,drunk,0.0,0.0,0.0,0.0,0.0,0.0
361,drunk,0.0,0.0,0.0,0.0,0.0,0.0
361,drunk,0.0,0.0,0.0,0.0,0.0,0.0
361,drunk,0.0,0.0,0.0,0.0,0.0,0.0
361,drunk,0.0,0.0,0.0,0.0,0.0,0.0
361,drunk,0.0,0.0,0.0,0.0,0.0,0.0
361,drunk,0.0,0.0,0.0,0.0,0.0,0.0
361,drunk,0.0,0.0,0.0,0.0,0.0,0.0
361,drunk,0.0,0.0,0.0,0.0,0.0,0.0
361,drunk,0.0,0.0,0.0,0.0,0.0,0.0
361,drunk,0.0,0.0,0.0,0.0,0.0,0.0
361,drunk,0.0,0.0,0.0,0.0,0.0,0.0
361,drunk,0.0,0.0,0.0,0.0,0.0,0.0
361,drunk,0.0,0.0,0.0,0.0,0.0,0.0
361,drunk,0.0,0.0,0.0,0.0,0.0,0.0
361,drunk,0.0,0.0,0.0,0.0,0.0,0.0
361,drunk,0.0,0.0,0.0,0.0,0.0,0.0
361,drunk,0.0,0.0,0.0,0.0,0.0,0.0
361,drunk,0.0,0.0,0.0,0.0,0.0,0.0
361,drunk,0.0,0.0,0.0,0.0,0.0,0.0
361,drunk,0.0,0.0,0.0,0.0,0.0,0.0
361,drunk,0.0,0.0,0.0,0.0,0.0,0.0
361,drunk,0.0,0.0,0.0,0.0,0.0,0.0
361,drunk,0.0,0.0,0.0,0.0,0.0,0.0
361,drunk,0.0,0.0,0.0,0.0,0.0,0.0
361,drunk,0.0,0.0,0.0,0.0,0.0,0.0
361,drunk,0.0,0.0,0.0,0.0,0.0,0.0
361,drunk,0.0,0.0,0.0,0.0,0.0,0.0
361,drunk,0.0,0.0,0.0,0.0,60.0,92.0
361,drunk,0.0,0.0,0.0,0.0,0.0,0.0
361,drunk,0.0,0.0,0.0,0.0,0.0,0.0
361,drunk,0.0,0.0,0.0,0.0,0.0,0.0
361,drunk,0.0,0.0,0.0,0.0,0.0,0.0
361,drunk,0.0,0.0,0.0,0.0,0.0,0.0
361,drunk,0.0,0.0,0.0,0.0,0.0,0.0
361,drunk,0.0,0.0,0.0,0.0,0.0,0.0
361,drunk,0.0,0.0,0.0,0.0,0.0,0.0
361,drunk,0.0,0.0,0.0,0.0,0.0,0.0
361,drunk,0.0,0.0,7.0,0.0,0.0,0.0
361,drunk,0.0,0.0,0.0,0.0,0.0,0.0
361,drunk,0.0,0.0,0.0,0.0,0.0,0.0
361,drunk,0.0,0.0,0.0,0.0,0.0,0.0
361,drunk,0.0,0.0,0.0,0.0,0.0,0.0
361,drunk,0.0,7.0,0.0,0.0,0.0,0.0
361,drunk,0.0,0.0,0.0,0.0,0.0,0.0
361,drunk,0.0,0.0,0.0,0.0,0.0,0.0
361,drunk,0.0,0.0,0.0,0.0,0.0,0.0
361,drunk,0.0,0.0,0.0,0.0,0.0,0.0
361,drunk,0.0,0.0,0.0,0.0,0.0,0.0
361,drunk,0.0,0.0,0.0,0.0,0.0,0.0
361,drunk,0.0,0.0,0.0,0.0,0.0,0.0
361,drunk,0.0,0.0,0.0,0.0,0.0,0.0
361,drunk,0.0,0.0,0.0,0.0,0.0,0.0
361,drunk,0.0,0.0,0.0,3.0,0.0,0.0
361,drunk,0.0,0.0,0.0,0.0,0.0,0.0
361,drunk,0.0,0.0,0.0,0.0,0.0,0.0
361,drunk,0.0,0.0,0.0,0.0,0.0,0.0
361,drunk,0.0,0.0,0.0,0.0,0.0,0.0
361,drunk,7.0,0.0,0.0,0.0,0.0,0.0
361,drunk,0.0,0.0,0.0,0.0,0.0,0.0
361,drunk,0.0,0.0,0.0,0.0,0.0,0.0
361,drunk,0.0,0.0,0.0,0.0,0.0,0.0
361,drunk,0.0,0.0,0.0,0.0,0.0,0.0
361,drunk,7.0,0.0,0.0,0.0,0.0,0.0
361,drunk,0.0,0.0,0.0,0.0,0.0,0.0
361,drunk,0.0,0.0,0.0,0.0,0.0,0.0
361,drunk,0.0,0.0,0.0,0.0,0.0,0.0
361,drunk,0.0,0.0,0.0,0.0,0.0,0.0
361,drunk,0.0,0.0,0.0,0.0,0.0,0.0
361,drunk,0.0,0.0,0.0,0.0,0.0,0.0
361,drunk,0.0,0.0,0.0,0.0,0.0,0.0
361,drunk,0.0,0.0,0.0,0.0,0.0,0.0
361,drunk,0.0,0.0,0.0,0.0,0.0,0.0
361,drunk,7.0,0.0,0.0,0.0,0.0,0.0
361,drunk,0.0,0.0,0.0,0.0,0.0,0.0
361,drunk,0.0,0.0,0.0,0.0,0.0,0.0
361,drunk,0.0,0.0,0.0,0.0,0.0,0.0
361,drunk,0.0,0.0,0.0,0.0,0.0,0.0
361,drunk,0.0,0.0,0.0,0.0,0.0,0.0
361,drunk,0.0,0.0,0.0,0.0,0.0,0.0
361,drunk,0.0,0.0,0.0,0.0,0.0,0.0
361,drunk,0.0,0.0,0.0,0.0,0.0,0.0
361,drunk,0.0,0.0,0.0,0.0,0.0,0.0
361,drunk,0.0,6.0,1.0,0.0,0.0,0.0
361,drunk,0.0,0.0,0.0,0.0,0.0,0.0
361,drunk,0.0,0.0,0.0,0.0,0.0,0.0
361,drunk,0.0,0.0,0.0,0.0,0.0,0.0
361,drunk,0.0,0.0,0.0,0.0,0.0,0.0
361,drunk,0.0,0.0,1.0,0.0,0.0,0.0
361,drunk,0.0,0.0,0.0,0.0,0.0,0.0
361,drunk,0.0,0.0,0.0,0.0,0.0,0.0
361,drunk,0.0,0.0,0.0,0.0,0.0,0.0
361,drunk,0.0,0.0,0.0,0.0,0.0,0.0
361,drunk,7.0,0.0,1.0,0.0,0.0,0.0
361,drunk,0.0,0.0,0.0,0.0,0.0,0.0
361,drunk,0.0,0.0,0.0,0.0,0.0,0.0
361,drunk,0.0,0.0,0.0,0.0,0.0,0.0
361,drunk,0.0,0.0,0.0,0.0,0.0,0.0
361,drunk,0.0,0.0,1.0,0.0,260.0,210.0
361,drunk,0.0,0.0,0.0,0.0,0.0,0.0
361,drunk,0.0,0.0,0.0,0.0,0.0,0.0
361,drunk,0.0,0.0,0.0,0.0,0.0,0.0
361,drunk,0.0,0.0,0.0,0.0,0.0,0.0
361,drunk,0.0,0.0,2.0,0.0,0.0,0.0
361,drunk,0.0,0.0,0.0,0.0,0.0,0.0
361,drunk,0.0,0.0,0.0,0.0,0.0,0.0
361,drunk,0.0,0.0,0.0,0.0,0.0,0.0
361,drunk,0.0,0.0,0.0,0.0,0.0,0.0
361,drunk,0.0,0.0,0.0,0.0,0.0,0.0
361,drunk,0.0,0.0,0.0,0.0,0.0,0.0
361,drunk,0.0,0.0,0.0,0.0,0.0,0.0
361,drunk,0.0,0.0,0.0,0.0,0.0,0.0
361,drunk,0.0,0.0,0.0,0.0,0.0,0.0
361,drunk,0.0,7.0,0.0,4.0,100.0,87.0
361,drunk,0.0,0.0,0.0,0.0,0.0,0.0
361,drunk,0.0,0.0,0.0,0.0,0.0,0.0
361,drunk,0.0,0.0,0.0,0.0,0.0,0.0
361,drunk,0.0,0.0,0.0,0.0,0.0,0.0
361,drunk,0.0,0.0,0.0,0.0,0.0,0.0
361,drunk,0.0,0.0,0.0,0.0,0.0,0.0
361,drunk,0.0,0.0,0.0,0.0,0.0,0.0
361,drunk,0.0,0.0,0.0,0.0,0.0,0.0
361,drunk,0.0,0.0,0.0,0.0,0.0,0.0
361,drunk,0.0,0.0,0.0,0.0,0.0,0.0
361,drunk,0.0,0.0,0.0,0.0,0.0,0.0
361,drunk,0.0,0.0,0.0,0.0,0.0,0.0
361,drunk,0.0,0.0,0.0,0.0,0.0,0.0
361,drunk,0.0,0.0,0.0,0.0,0.0,0.0
361,drunk,0.0,0.0,0.0,3.0,0.0,0.0
361,drunk,0.0,0.0,0.0,0.0,0.0,0.0
361,drunk,0.0,0.0,0.0,0.0,0.0,0.0
361,drunk,0.0,0.0,0.0,0.0,0.0,0.0
361,drunk,0.0,0.0,0.0,0.0,0.0,0.0
361,drunk,7.0,0.0,0.0,0.0,0.0,0.0
361,drunk,0.0,0.0,0.0,0.0,0.0,0.0
361,drunk,0.0,0.0,0.0,0.0,0.0,0.0
361,drunk,0.0,0.0,0.0,0.0,0.0,0.0
361,drunk,0.0,0.0,0.0,0.0,0.0,0.0
361,drunk,0.0,0.0,0.0,3.0,0.0,0.0
361,drunk,0.0,0.0,0.0,0.0,0.0,0.0
361,drunk,0.0,0.0,0.0,0.0,0.0,0.0
361,drunk,0.0,0.0,0.0,0.0,0.0,0.0
361,drunk,0.0,0.0,0.0,0.0,0.0,0.0
361,drunk,0.0,0.0,0.0,0.0,0.0,0.0
361,drunk,0.0,0.0,0.0,0.0,0.0,0.0
421,drunk,0.0,0.0,0.0,0.0,0.0,0.0
421,drunk,0.0,0.0,0.0,0.0,0.0,0.0
421,drunk,0.0,0.0,0.0,0.0,0.0,0.0
421,drunk,0.0,0.0,0.0,0.0,0.0,0.0
421,drunk,0.0,0.0,0.0,0.0,0.0,0.0
421,drunk,0.0,0.0,0.0,0.0,0.0,0.0
421,drunk,0.0,0.0,0.0,0.0,0.0,0.0
421,drunk,0.0,0.0,0.0,0.0,0.0,0.0
421,drunk,0.0,0.0,0.0,0.0,0.0,0.0
421,drunk,0.0,0.0,0.0,0.0,0.0,0.0
421,drunk,0.0,0.0,0.0,0.0,0.0,0.0
421,drunk,0.0,0.0,0.0,0.0,0.0,0.0
421,drunk,0.0,0.0,0.0,0.0,0.0,0.0
421,drunk,0.0,0.0,0.0,0.0,0.0,0.0
421,drunk,0.0,0.0,0.0,0.0,0.0,0.0
421,drunk,0.0,0.0,0.0,0.0,0.0,0.0
421,drunk,0.0,0.0,0.0,0.0,0.0,0.0
421,drunk,0.0,0.0,0.0,0.0,0.0,0.0
421,drunk,0.0,0.0,0.0,0.0,0.0,0.0
421,drunk,0.0,0.0,0.0,0.0,0.0,0.0
421,drunk,0.0,0.0,0.0,0.0,0.0,0.0
421,drunk,0.0,0.0,0.0,0.0,0.0,0.0
421,drunk,0.0,0.0,0.0,0.0,0.0,0.0
421,drunk,0.0,0.0,0.0,0.0,60.0,92.0
421,drunk,0.0,0.0,0.0,0.0,0.0,0.0
421,drunk,0.0,0.0,0.0,0.0,0.0,0.0
421,drunk,0.0,0.0,0.0,0.0,0.0,0.0
421,drunk,0.0,0.0,0.0,0.0,0.0,0.0
421,drunk,0.0,0.0,0.0,0.0,0.0,0.0
421,drunk,0.0,0.0,0.0,0.0,0.0,0.0
421,drunk,0.0,0.0,0.0,0.0,0.0,0.0
421,drunk,0.0,0.0,0.0,0.0,0.0,0.0
421,drunk,0.0,0.0,0.0,0.0,0.0,0.0
421,drunk,0.0,0.0,7.0,0.0,0.0,0.0
421,drunk,0.0,0.0,0.0,0.0,0.0,0.0
421,drunk,0.0,0.0,0.0,0.0,0.0,0.0
421,drunk,0.0,0.0,0.0,0.0,0.0,0.0
421,drunk,0.0,0.0,0.0,0.0,0.0,0.0
421,drunk,0.0,7.0,0.0,0.0,0.0,0.0
421,drunk,0.0,0.0,0.0,0.0,0.0,0.0
421,drunk,0.0,0.0,0.0,0.0,0.0,0.0
421,drunk,0.0,0.0,0.0,0.0,0.0,0.0
421,drunk,0.0,0.0,0.0,0.0,0.0,0.0
421,drunk,0.0,0.0,0.0,0.0,0.0,0.0
421,drunk,0.0,0.0,0.0,0.0,0.0,0.0
421,drunk,0.0,0.0,0.0,0.0,0.0,0.0
421,drunk,0.0,0.0,0.0,0.0,0.0,0.0
421,drunk,0.0,0.0,0.0,0.0,0.0,0.0
421,drunk,0.0,0.0,0.0,3.0,0.0,0.0
421,drunk,0.0,0.0,0.0,0.0,0.0,0.0
421,drunk,0.0,0.0,0.0,0.0,0.0,0.0
421,drunk,0.0,0.0,0.0,0.0,0.0,0.0
421,drunk,0.0,0.0,0.0,0.0,0.0,0.0
421,drunk,7.0,0.0,0.0,0.0,0.0,0.0
421,drunk,0.0,0.0,0.0,0.0,0.0,0.0
421,drunk,0.0,0.0,0.0,0.0,0.0,0.0
421,drunk,0.0,0.0,0.0,0.0,0.0,0.0
421,drunk,0.0,0.0,0.0,0.0,0.0,0.0
421,drunk,7.0,0.0,0.0,0.0,0.0,0.0
421,drunk,0.0,0.0,0.0,0.0,0.0,0.0
421,drunk,0.0,0.0,0.0,0.0,0.0,0.0
421,drunk,0.0,0.0,0.0,0.0,0.0,0.0
421,drunk,0.0,0.0,0.0,0.0,0.0,0.0
421,drunk,0.0,0.0,0.0,0.0,0.0,0.0
421,drunk,0.0,0.0,0.0,0.0,0.0,0.0
421,drunk,0.0,0.0,0.0,0.0,0.0,0.0
421,drunk,0.0,0.0,0.0,0.0,0.0,0.0
421,drunk,0.0,0.0,0.0,0.0,0.0,0.0
421,drunk,7.0,0.0,0.0,0.0,0.0,0.0
421,drunk,0.0,0.0,0.0,0.0,0.0,0.0
421,drunk,0.0,0.0,0.0,0.0,0.0,0.0
421,drunk,0.0,0.0,0.0,0.0,0.0,0.0
421,drunk,0.0,0.0,0.0,0.0,0.0,0.0
421,drunk,0.0,0.0,0.0,0.0,0.0,0.0
421,drunk,0.0,0.0,0.0,0.0,0.0,0.0
421,drunk,0.0,0.0,0.0,0.0,0.0,0.0
421,drunk,0.0,0.0,0.0,0.0,0.0,0.0
421,drunk,0.0,0.0,0.0,0.0,0.0,0.0
421,drunk,0.0,6.0,1.0,0.0,0.0,0.0
421,drunk,0.0,0.0,0.0,0.0,0.0,0.0
421,drunk,0.0,0.0,0.0,0.0,0.0,0.0
421,drunk,0.0,0.0,0.0,0.0,0.0,0.0
421,drunk,0.0,0.0,0.0,0.0,0.0,0.0
421,drunk,0.0,0.0,1.0,0.0,0.0,0.0
421,drunk,0.0,0.0,0.0,0.0,0.0,0.0
421,drunk,0.0,0.0,0.0,0.0,0.0,0.0
421,drunk,0.0,0.0,0.0,0.0,0.0,0.0
421,drunk,0.0,0.0,0.0,0.0,0.0,0.0
421,drunk,7.0,0.0,1.0,0.0,0.0,0.0
421,drunk,0.0,0.0,0.0,0.0,0.0,0.0
421,drunk,0.0,0.0,0.0,0.0,0.0,0.0
421,drunk,0.0,0.0,0.0,0.0,0.0,0.0
421,drunk,0.0,0.0,0.0,0.0,0.0,0.0
421,drunk,0.0,0.0,1.0,0.0,260.0,210.0
421,drunk,0.0,0.0,0.0,0.0,0.0,0.0
421,drunk,0.0,0.0,0.0,0.0,0.0,0.0
421,drunk,0.0,0.0,0.0,0.0,0.0,0.0
421,drunk,0.0,0.0,0.0,0.0,0.0,0.0
421,drunk,0.0,0.0,2.0,0.0,0.0,0.0
421,drunk,0.0,0.0,0.0,0.0,0.0,0.0
421,drunk,0.0,0.0,0.0,0.0,0.0,0.0
421,drunk,0.0,0.0,0.0,0.0,0.0,0.0
421,drunk,0.0,0.0,0.0,0.0,0.0,0.0
421,drunk,0.0,0.0,0.0,0.0,0.0,0.0
421,drunk,0.0,0.0,0.0,0.0,0.0,0.0
421,drunk,0.0,0.0,0.0,0.0,0.0,0.0
421,drunk,0.0,0.0,0.0,0.0,0.0,0.0
421,drunk,0.0,0.0,0.0,0.0,0.0,0.0
421,drunk,0.0,7.0,0.0,4.0,100.0,87.0
421,drunk,0.0,0.0,0.0,0.0,0.0,0.0
421,drunk,0.0,0.0,0.0,0.0,0.0,0.0
421,drunk,0.0,0.0,0.0,0.0,0.0,0.0
421,drunk,0.0,0.0,0.0,0.0,0.0,0.0
421,drunk,0.0,0.0,0.0,0.0,0.0,0.0
421,drunk,0.0,0.0,0.0,0.0,0.0,0.0
421,drunk,0.0,0.0,0.0,0.0,0.0,0.0
421,drunk,0.0,0.0,0.0,0.0,0.0,0.0
421,drunk,0.0,0.0,0.0,0.0,0.0,0.0
421,drunk,0.0,0.0,0.0,0.0,0.0,0.0
421,drunk,0.0,0.0,0.0,0.0,0.0,0.0
421,drunk,0.0,0.0,0.0,0.0,0.0,0.0
421,drunk,0.0,0.0,0.0,0.0,0.0,0.0
421,drunk,0.0,0.0,0.0,0.0,0.0,0.0
421,drunk,0.0,0.0,0.0,3.0,0.0,0.0
421,drunk,0.0,0.0,0.0,0.0,0.0,0.0
421,drunk,0.0,0.0,0.0,0.0,0.0,0.0
421,drunk,0.0,0.0,0.0,0.0,0.0,0.0
421,drunk,0.0,0.0,0.0,0.0,0.0,0.0
421,drunk,7.0,0.0,0.0,0.0,0.0,0.0
421,drunk,0.0,0.0,0.0,0.0,0.0,0.0
421,drunk,0.0,0.0,0.0,0.0,0.0,0.0
421,drunk,0.0,0.0,0.0,0.0,0.0,0.0
421,drunk,0.0,0.0,0.0,0.0,0.0,0.0
421,drunk,0.0,0.0,0.0,3.0,0.0,0.0
421,drunk,0.0,0.0,0.0,0.0,0.0,0.0
421,drunk,0.0,0.0,0.0,0.0,0.0,0.0
421,drunk,0.0,0.0,0.0,0.0,0.0,0.0
421,drunk,0.0,0.0,0.0,0.0,0.0,0.0
421,drunk,0.0,0.0,0.0,0.0,0.0,0.0
421,drunk,0.0,0.0,0.0,0.0,0.0,0.0
421,drunk,0.0,0.0,0.0,0.0,0.0,0.0
421,drunk,0.0,0.0,0.0,0.0,0.0,0.0
421,drunk,0.0,0.0,0.0,0.0,0.0,0.0
421,drunk,0.0,7.0,0.0,3.0,0.0,0.0
421,drunk,0.0,0.0,0.0,0.0,0.0,0.0
421,drunk,0.0,0.0,0.0,0.0,0.0,0.0
421,drunk,0.0,0.0,0.0,0.0,0.0,0.0
421,drunk,0.0,0.0,0.0,0.0,0.0,0.0
421,drunk,0.0,0.0,0.0,0.0,0.0,0.0
421,drunk,0.0,0.0,0.0,0.0,0.0,0.0
421,drunk,0.0,0.0,0.0,0.0,0.0,0.0
421,drunk,0.0,0.0,0.0,0.0,0.0,0.0
421,drunk,0.0,0.0,0.0,0.0,0.0,0.0
421,drunk,0.0,0.0,0.0,0.0,0.0,0.0
421,drunk,0.0,0.0,0.0,0.0,0.0,0.0
421,drunk,0.0,0.0,0.0,0.0,0.0,0.0
421,drunk,0.0,0.0,0.0,0.0,0.0,0.0
421,drunk,0.0,0.0,0.0,0.0,0.0,0.0
421,drunk,0.0,0.0,4.0,0.0,0.0,0.0
421,drunk,0.0,0.0,0.0,0.0,0.0,0.0
421,drunk,0.0,0.0,0.0,0.0,0.0,0.0
421,drunk,0.0,0.0,0.0,0.0,0.0,0.0
421,drunk,0.0,0.0,0.0,0.0,0.0,0.0
421,drunk,7.0,0.0,0.0,0.0,0.0,0.0
421,drunk,0.0,0.0,0.0,0.0,0.0,0.0
421,drunk,0.0,0.0,0.0,0.0,0.0,0.0
421,drunk,0.0,0.0,0.0,0.0,0.0,0.0
421,drunk,0.0,0.0,0.0,0.0,0.0,0.0
421,drunk,0.0,7.0,0.0,2.0,0.0,0.0
421,drunk,0.0,0.0,0.0,0.0,0.0,0.0
421,drunk,0.0,0.0,0.0,0.0,0.0,0.0
421,drunk,0.0,0.0,0.0,0.0,0.0,0.0
421,drunk,0.0,0.0,0.0,0.0,0.0,0.0
421,drunk,0.0,6.0,0.0,0.0,0.0,0.0
421,drunk,0.0,0.0,0.0,0.0,0.0,0.0
421,drunk,0.0,0.0,0.0,0.0,0.0,0.0
421,drunk,0.0,0.0,0.0,0.0,0.0,0.0
421,drunk,0.0,0.0,0.0,0.0,0.0,0.0
421,drunk,0.0,0.0,0.0,0.0,0.0,0.0
421,drunk,0.0,0.0,0.0,0.0,0.0,0.0
421,drunk,0.0,0.0,0.0,0.0,0.0,0.0
421,drunk,0.0,0.0,0.0,0.0,0.0,0.0
421,drunk,0.0,0.0,0.0,0.0,0.0,0.0
421,drunk,0.0,6.0,0.0,0.0,0.0,0.0
421,drunk,0.0,0.0,0.0,0.0,0.0,0.0
421,drunk,0.0,0.0,0.0,0.0,0.0,0.0
421,drunk,0.0,0.0,0.0,0.0,0.0,0.0
421,drunk,0.0,0.0,0.0,0.0,0.0,0.0
421,drunk,0.0,0.0,0.0,0.0,130.0,62.0
421,drunk,0.0,0.0,0.0,0.0,0.0,0.0
421,drunk,0.0,0.0,0.0,0.0,0.0,0.0
421,drunk,0.0,0.0,0.0,0.0,0.0,0.0
421,drunk,0.0,0.0,0.0,0.0,0.0,0.0
421,drunk,0.0,0.0,0.0,0.0,0.0,0.0
421,drunk,0.0,0.0,0.0,0.0,0.0,0.0
421,drunk,0.0,0.0,0.0,0.0,0.0,0.0
421,drunk,0.0,0.0,0.0,0.0,0.0,0.0
421,drunk,0.0,0.0,0.0,0.0,0.0,0.0
421,drunk,0.0,0.0,0.0,0.0,0.0,0.0
421,drunk,0.0,0.0,0.0,0.0,0.0,0.0
482,drunk,0.0,0.0,0.0,0.0,0.0,0.0
482,drunk,0.0,0.0,0.0,0.0,0.0,0.0
482,drunk,0.0,0.0,0.0,0.0,0.0,0.0
482,drunk,0.0,0.0,0.0,0.0,0.0,0.0
482,drunk,0.0,0.0,0.0,0.0,0.0,0.0
482,drunk,0.0,0.0,0.0,0.0,0.0,0.0
482,drunk,0.0,0.0,0.0,0.0,0.0,0.0
482,drunk,7.0,0.0,0.0,0.0,0.0,0.0
482,drunk,0.0,0.0,0.0,0.0,0.0,0.0
482,drunk,0.0,0.0,0.0,0.0,0.0,0.0
482,drunk,0.0,0.0,0.0,0.0,0.0,0.0
482,drunk,0.0,0.0,0.0,0.0,0.0,0.0
482,drunk,0.0,0.0,0.0,0.0,0.0,0.0
482,drunk,0.0,0.0,0.0,0.0,0.0,0.0
482,drunk,0.0,0.0,0.0,0.0,0.0,0.0
482,drunk,0.0,0.0,0.0,0.0,0.0,0.0
482,drunk,0.0,0.0,0.0,0.0,0.0,0.0
482,drunk,0.0,6.0,1.0,0.0,0.0,0.0
482,drunk,0.0,0.0,0.0,0.0,0.0,0.0
482,drunk,0.0,0.0,0.0,0.0,0.0,0.0
482,drunk,0.0,0.0,0.0,0.0,0.0,0.0
482,drunk,0.0,0.0,0.0,0.0,0.0,0.0
482,drunk,0.0,0.0,1.0,0.0,0.0,0.0
482,drunk,0.0,0.0,0.0,0.0,0.0,0.0
482,drunk,0.0,0.0,0.0,0.0,0.0,0.0
482,drunk,0.0,0.0,0.0,0.0,0.0,0.0
482,drunk,0.0,0.0,0.0,0.0,0.0,0.0
482,drunk,7.0,0.0,1.0,0.0,0.0,0.0
482,drunk,0.0,0.0,0.0,0.0,0.0,0.0
482,drunk,0.0,0.0,0.0,0.0,0.0,0.0
482,drunk,0.0,0.0,0.0,0.0,0.0,0.0
482,drunk,0.0,0.0,0.0,0.0,0.0,0.0
482,drunk,0.0,0.0,1.0,0.0,260.0,210.0
482,drunk,0.0,0.0,0.0,0.0,0.0,0.0
482,drunk,0.0,0.0,0.0,0.0,0.0,0.0
482,drunk,0.0,0.0,0.0,0.0,0.0,0.0
482,drunk,0.0,0.0,0.0,0.0,0.0,0.0
482,drunk,0.0,0.0,2.0,0.0,0.0,0.0
482,drunk,0.0,0.0,0.0,0.0,0.0,0.0
482,drunk,0.0,0.0,0.0,0.0,0.0,0.0
482,drunk,0.0,0.0,0.0,0.0,0.0,0.0
482,drunk,0.0,0.0,0.0,0.0,0.0,0.0
482,drunk,0.0,0.0,0.0,0.0,0.0,0.0
482,drunk,0.0,0.0,0.0,0.0,0.0,0.0
482,drunk,0.0,0.0,0.0,0.0,0.0,0.0
482,drunk,0.0,0.0,0.0,0.0,0.0,0.0
482,drunk,0.0,0.0,0.0,0.0,0.0,0.0
482,drunk,0.0,7.0,0.0,4.0,100.0,87.0
482,drunk,0.0,0.0,0.0,0.0,0.0,0.0
482,drunk,0.0,0.0,0.0,0.0,0.0,0.0
482,drunk,0.0,0.0,0.0,0.0,0.0,0.0
482,drunk,0.0,0.0,0.0,0.0,0.0,0.0
482,drunk,0.0,0.0,0.0,0.0,0.0,0.0
482,drunk,0.0,0.0,0.0,0.0,0.0,0.0
482,drunk,0.0,0.0,0.0,0.0,0.0,0.0
482,drunk,0.0,0.0,0.0,0.0,0.0,0.0
482,drunk,0.0,0.0,0.0,0.0,0.0,0.0
482,drunk,0.0,0.0,0.0,0.0,0.0,0.0
482,drunk,0.0,0.0,0.0,0.0,0.0,0.0
482,drunk,0.0,0.0,0.0,0.0,0.0,0.0
482,drunk,0.0,0.0,0.0,0.0,0.0,0.0
482,drunk,0.0,0.0,0.0,0.0,0.0,0.0
482,drunk,0.0,0.0,0.0,3.0,0.0,0.0
482,drunk,0.0,0.0,0.0,0.0,0.0,0.0
482,drunk,0.0,0.0,0.0,0.0,0.0,0.0
482,drunk,0.0,0.0,0.0,0.0,0.0,0.0
482,drunk,0.0,0.0,0.0,0.0,0.0,0.0
482,drunk,7.0,0.0,0.0,0.0,0.0,0.0
482,drunk,0.0,0.0,0.0,0.0,0.0,0.0
482,drunk,0.0,0.0,0.0,0.0,0.0,0.0
482,drunk,0.0,0.0,0.0,0.0,0.0,0.0
482,drunk,0.0,0.0,0.0,0.0,0.0,0.0
482,drunk,0.0,0.0,0.0,3.0,0.0,0.0
482,drunk,0.0,0.0,0.0,0.0,0.0,0.0
482,drunk,0.0,0.0,0.0,0.0,0.0,0.0
482,drunk,0.0,0.0,0.0,0.0,0.0,0.0
482,drunk,0.0,0.0,0.0,0.0,0.0,0.0
482,drunk,0.0,0.0,0.0,0.0,0.0,0.0
482,drunk,0.0,0.0,0.0,0.0,0.0,0.0
482,drunk,0.0,0.0,0.0,0.0,0.0,0.0
482,drunk,0.0,0.0,0.0,0.0,0.0,0.0
482,drunk,0.0,0.0,0.0,0.0,0.0,0.0
482,drunk,0.0,7.0,0.0,3.0,0.0,0.0
482,drunk,0.0,0.0,0.0,0.0,0.0,0.0
482,drunk,0.0,0.0,0.0,0.0,0.0,0.0
482,drunk,0.0,0.0,0.0,0.0,0.0,0.0
482,drunk,0.0,0.0,0.0,0.0,0.0,0.0
482,drunk,0.0,0.0,0.0,0.0,0.0,0.0
482,drunk,0.0,0.0,0.0,0.0,0.0,0.0
482,drunk,0.0,0.0,0.0,0.0,0.0,0.0
482,drunk,0.0,0.0,0.0,0.0,0.0,0.0
482,drunk,0.0,0.0,0.0,0.0,0.0,0.0
482,drunk,0.0,0.0,0.0,0.0,0.0,0.0
482,drunk,0.0,0.0,0.0,0.0,0.0,0.0
482,drunk,0.0,0.0,0.0,0.0,0.0,0.0
482,drunk,0.0,0.0,0.0,0.0,0.0,0.0
482,drunk,0.0,0.0,0.0,0.0,0.0,0.0
482,drunk,0.0,0.0,4.0,0.0,0.0,0.0
482,drunk,0.0,0.0,0.0,0.0,0.0,0.0
482,drunk,0.0,0.0,0.0,0.0,0.0,0.0
482,drunk,0.0,0.0,0.0,0.0,0.0,0.0
482,drunk,0.0,0.0,0.0,0.0,0.0,0.0
482,drunk,7.0,0.0,0.0,0.0,0.0,0.0
482,drunk,0.0,0.0,0.0,0.0,0.0,0.0
482,drunk,0.0,0.0,0.0,0.0,0.0,0.0
482,drunk,0.0,0.0,0.0,0.0,0.0,0.0
482,drunk,0.0,0.0,0.0,0.0,0.0,0.0
482,drunk,0.0,7.0,0.0,2.0,0.0,0.0
482,drunk,0.0,0.0,0.0,0.0,0.0,0.0
482,drunk,0.0,0.0,0.0,0.0,0.0,0.0
482,drunk,0.0,0.0,0.0,0.0,0.0,0.0
482,drunk,0.0,0.0,0.0,0.0,0.0,0.0
482,drunk,0.0,6.0,0.0,0.0,0.0,0.0
482,drunk,0.0,0.0,0.0,0.0,0.0,0.0
482,drunk,0.0,0.0,0.0,0.0,0.0,0.0
482,drunk,0.0,0.0,0.0,0.0,0.0,0.0
482,drunk,0.0,0.0,0.0,0.0,0.0,0.0
482,drunk,0.0,0.0,0.0,0.0,0.0,0.0
482,drunk,0.0,0.0,0.0,0.0,0.0,0.0
482,drunk,0.0,0.0,0.0,0.0,0.0,0.0
482,drunk,0.0,0.0,0.0,0.0,0.0,0.0
482,drunk,0.0,0.0,0.0,0.0,0.0,0.0
482,drunk,0.0,6.0,0.0,0.0,0.0,0.0
482,drunk,0.0,0.0,0.0,0.0,0.0,0.0
482,drunk,0.0,0.0,0.0,0.0,0.0,0.0
482,drunk,0.0,0.0,0.0,0.0,0.0,0.0
482,drunk,0.0,0.0,0.0,0.0,0.0,0.0
482,drunk,0.0,0.0,0.0,0.0,130.0,62.0
482,drunk,0.0,0.0,0.0,0.0,0.0,0.0
482,drunk,0.0,0.0,0.0,0.0,0.0,0.0
482,drunk,0.0,0.0,0.0,0.0,0.0,0.0
482,drunk,0.0,0.0,0.0,0.0,0.0,0.0
482,drunk,0.0,0.0,0.0,0.0,0.0,0.0
482,drunk,0.0,0.0,0.0,0.0,0.0,0.0
482,drunk,0.0,0.0,0.0,0.0,0.0,0.0
482,drunk,0.0,0.0,0.0,0.0,0.0,0.0
482,drunk,0.0,0.0,0.0,0.0,0.0,0.0
482,drunk,0.0,0.0,0.0,0.0,0.0,0.0
482,drunk,0.0,0.0,0.0,0.0,0.0,0.0
482,drunk,0.0,0.0,0.0,0.0,0.0,0.0
482,drunk,0.0,0.0,0.0,0.0,0.0,0.0
482,drunk,0.0,0.0,0.0,0.0,0.0,0.0
482,drunk,0.0,0.0,0.0,0.0,0.0,0.0
482,drunk,0.0,0.0,0.0,0.0,0.0,0.0
482,drunk,0.0,0.0,0.0,0.0,0.0,0.0
482,drunk,0.0,0.0,0.0,0.0,0.0,0.0
482,drunk,0.0,0.0,0.0,0.0,0.0,0.0
482,drunk,0.0,0.0,0.0,0.0,0.0,0.0
482,drunk,0.0,0.0,0.0,0.0,0.0,0.0
482,drunk,0.0,0.0,0.0,0.0,0.0,0.0
482,drunk,0.0,0.0,0.0,0.0,0.0,0.0
482,drunk,0.0,0.0,0.0,0.0,0.0,0.0
482,drunk,0.0,0.0,0.0,0.0,0.0,0.0
482,drunk,0.0,0.0,0.0,0.0,0.0,0.0
482,drunk,0.0,0.0,0.0,0.0,0.0,0.0
482,drunk,0.0,0.0,0.0,0.0,0.0,0.0
482,drunk,0.0,0.0,0.0,0.0,0.0,0.0
482,drunk,7.0,0.0,0.0,0.0,0.0,0.0
482,drunk,0.0,0.0,0.0,0.0,0.0,0.0
482,drunk,0.0,0.0,0.0,0.0,0.0,0.0
482,drunk,0.0,0.0,0.0,0.0,0.0,0.0
482,drunk,0.0,0.0,0.0,0.0,0.0,0.0
482,drunk,0.0,0.0,2.0,0.0,0.0,0.0
482,drunk,0.0,0.0,0.0,0.0,0.0,0.0
482,drunk,0.0,0.0,0.0,0.0,0.0,0.0
482,drunk,0.0,0.0,0.0,0.0,0.0,0.0
482,drunk,0.0,0.0,0.0,0.0,0.0,0.0
482,drunk,0.0,0.0,0.0,0.0,0.0,0.0
482,drunk,0.0,0.0,0.0,0.0,0.0,0.0
482,drunk,0.0,0.0,0.0,0.0,0.0,0.0
482,drunk,0.0,0.0,0.0,0.0,0.0,0.0
482,drunk,0.0,0.0,0.0,0.0,0.0,0.0
482,drunk,0.0,0.0,3.0,0.0,0.0,0.0
482,drunk,0.0,0.0,0.0,0.0,0.0,0.0
482,drunk,0.0,0.0,0.0,0.0,0.0,0.0
482,drunk,0.0,0.0,0.0,0.0,0.0,0.0
482,drunk,0.0,0.0,0.0,0.0,0.0,0.0
482,drunk,0.0,7.0,2.0,0.0,0.0,0.0
482,drunk,0.0,0.0,0.0,0.0,0.0,0.0
482,drunk,0.0,0.0,0.0,0.0,0.0,0.0
482,drunk,0.0,0.0,0.0,0.0,0.0,0.0
482,drunk,0.0,0.0,0.0,0.0,0.0,0.0
482,drunk,0.0,0.0,0.0,0.0,0.0,0.0
482,drunk,0.0,0.0,0.0,0.0,0.0,0.0
482,drunk,0.0,0.0,0.0,0.0,0.0,0.0
482,drunk,0.0,0.0,0.0,0.0,0.0,0.0
482,drunk,0.0,0.0,0.0,0.0,0.0,0.0
482,drunk,0.0,0.0,0.0,0.0,0.0,0.0
482,drunk,0.0,0.0,0.0,0.0,0.0,0.0
482,drunk,0.0,0.0,0.0,0.0,0.0,0.0
482,drunk,0.0,0.0,0.0,0.0,0.0,0.0
482,drunk,0.0,0.0,0.0,0.0,0.0,0.0
482,drunk,0.0,0.0,0.0,0.0,0.0,0.0
482,drunk,0.0,0.0,0.0,0.0,0.0,0.0
482,drunk,0.0,0.0,0.0,0.0,0.0,0.0
482,drunk,0.0,0.0,0.0,0.0,0.0,0.0
482,drunk,0.0,0.0,0.0,0.0,0.0,0.0
482,drunk,0.0,0.0,0.0,0.0,0.0,0.0
482,drunk,0.0,0.0,0.0,0.0,0.0,0.0
482,drunk,0.0,0.0,0.0,0.0,0.0,0.0
482,drunk,0.0,0.0,0.0,0.0,0.0,0.0
542,drunk,0.0,0.0,0.0,0.0,0.0,0.0
542,drunk,0.0,0.0,0.0,0.0,0.0,0.0
542,drunk,0.0,0.0,0.0,3.0,0.0,0.0
542,drunk,0.0,0.0,0.0,0.0,0.0,0.0
542,drunk,0.0,0.0,0.0,0.0,0.0,0.0
542,drunk,0.0,0.0,0.0,0.0,0.0,0.0
542,drunk,0.0,0.0,0.0,0.0,0.0,0.0
542,drunk,7.0,0.0,0.0,0.0,0.0,0.0
542,drunk,0.0,0.0,0.0,0.0,0.0,0.0
542,drunk,0.0,0.0,0.0,0.0,0.0,0.0
542,drunk,0.0,0.0,0.0,0.0,0.0,0.0
542,drunk,0.0,0.0,0.0,0.0,0.0,0.0
542,drunk,0.0,0.0,0.0,3.0,0.0,0.0
542,drunk,0.0,0.0,0.0,0.0,0.0,0.0
542,drunk,0.0,0.0,0.0,0.0,0.0,0.0
542,drunk,0.0,0.0,0.0,0.0,0.0,0.0
542,drunk,0.0,0.0,0.0,0.0,0.0,0.0
542,drunk,0.0,0.0,0.0,0.0,0.0,0.0
542,drunk,0.0,0.0,0.0,0.0,0.0,0.0
542,drunk,0.0,0.0,0.0,0.0,0.0,0.0
542,drunk,0.0,0.0,0.0,0.0,0.0,0.0
542,drunk,0.0,0.0,0.0,0.0,0.0,0.0
542,drunk,0.0,7.0,0.0,3.0,0.0,0.0
542,drunk,0.0,0.0,0.0,0.0,0.0,0.0
542,drunk,0.0,0.0,0.0,0.0,0.0,0.0
542,drunk,0.0,0.0,0.0,0.0,0.0,0.0
542,drunk,0.0,0.0,0.0,0.0,0.0,0.0
542,drunk,0.0,0.0,0.0,0.0,0.0,0.0
542,drunk,0.0,0.0,0.0,0.0,0.0,0.0
542,drunk,0.0,0.0,0.0,0.0,0.0,0.0
542,drunk,0.0,0.0,0.0,0.0,0.0,0.0
542,drunk,0.0,0.0,0.0,0.0,0.0,0.0
542,drunk,0.0,0.0,0.0,0.0,0.0,0.0
542,drunk,0.0,0.0,0.0,0.0,0.0,0.0
542,drunk,0.0,0.0,0.0,0.0,0.0,0.0
542,drunk,0.0,0.0,0.0,0.0,0.0,0.0
542,drunk,0.0,0.0,0.0,0.0,0.0,0.0
542,drunk,0.0,0.0,4.0,0.0,0.0,0.0
542,drunk,0.0,0.0,0.0,0.0,0.0,0.0
542,drunk,0.0,0.0,0.0,0.0,0.0,0.0
542,drunk,0.0,0.0,0.0,0.0,0.0,0.0
542,drunk,0.0,0.0,0.0,0.0,0.0,0.0
542,drunk,7.0,0.0,0.0,0.0,0.0,0.0
542,drunk,0.0,0.0,0.0,0.0,0.0,0.0
542,drunk,0.0,0.0,0.0,0.0,0.0,0.0
542,drunk,0.0,0.0,0.0,0.0,0.0,0.0
542,drunk,0.0,0.0,0.0,0.0,0.0,0.0
542,drunk,0.0,7.0,0.0,2.0,0.0,0.0
542,drunk,0.0,0.0,0.0,0.0,0.0,0.0
542,drunk,0.0,0.0,0.0,0.0,0.0,0.0
542,drunk,0.0,0.0,0.0,0.0,0.0,0.0
542,drunk,0.0,0.0,0.0,0.0,0.0,0.0
542,drunk,0.0,6.0,0.0,0.0,0.0,0.0
542,drunk,0.0,0.0,0.0,0.0,0.0,0.0
542,drunk,0.0,0.0,0.0,0.0,0.0,0.0
542,drunk,0.0,0.0,0.0,0.0,0.0,0.0
542,drunk,0.0,0.0,0.0,0.0,0.0,0.0
542,drunk,0.0,0.0,0.0,0.0,0.0,0.0
542,drunk,0.0,0.0,0.0,0.0,0.0,0.0
542,drunk,0.0,0.0,0.0,0.0,0.0,0.0
542,drunk,0.0,0.0,0.0,0.0,0.0,0.0
542,drunk,0.0,0.0,0.0,0.0,0.0,0.0
542,drunk,0.0,6.0,0.0,0.0,0.0,0.0
542,drunk,0.0,0.0,0.0,0.0,0.0,0.0
542,drunk,0.0,0.0,0.0,0.0,0.0,0.0
542,drunk,0.0,0.0,0.0,0.0,0.0,0.0
542,drunk,0.0,0.0,0.0,0.0,0.0,0.0
542,drunk,0.0,0.0,0.0,0.0,130.0,62.0
542,drunk,0.0,0.0,0.0,0.0,0.0,0.0
542,drunk,0.0,0.0,0.0,0.0,0.0,0.0
542,drunk,0.0,0.0,0.0,0.0,0.0,0.0
542,drunk,0.0,0.0,0.0,0.0,0.0,0.0
542,drunk,0.0,0.0,0.0,0.0,0.0,0.0
542,drunk,0.0,0.0,0.0,0.0,0.0,0.0
542,drunk,0.0,0.0,0.0,0.0,0.0,0.0
542,drunk,0.0,0.0,0.0,0.0,0.0,0.0
542,drunk,0.0,0.0,0.0,0.0,0.0,0.0
542,drunk,0.0,0.0,0.0,0.0,0.0,0.0
542,drunk,0.0,0.0,0.0,0.0,0.0,0.0
542,drunk,0.0,0.0,0.0,0.0,0.0,0.0
542,drunk,0.0,0.0,0.0,0.0,0.0,0.0
542,drunk,0.0,0.0,0.0,0.0,0.0,0.0
542,drunk,0.0,0.0,0.0,0.0,0.0,0.0
542,drunk,0.0,0.0,0.0,0.0,0.0,0.0
542,drunk,0.0,0.0,0.0,0.0,0.0,0.0
542,drunk,0.0,0.0,0.0,0.0,0.0,0.0
542,drunk,0.0,0.0,0.0,0.0,0.0,0.0
542,drunk,0.0,0.0,0.0,0.0,0.0,0.0
542,drunk,0.0,0.0,0.0,0.0,0.0,0.0
542,drunk,0.0,0.0,0.0,0.0,0.0,0.0
542,drunk,0.0,0.0,0.0,0.0,0.0,0.0
542,drunk,0.0,0.0,0.0,0.0,0.0,0.0
542,drunk,0.0,0.0,0.0,0.0,0.0,0.0
542,drunk,0.0,0.0,0.0,0.0,0.0,0.0
542,drunk,0.0,0.0,0.0,0.0,0.0,0.0
542,drunk,0.0,0.0,0.0,0.0,0.0,0.0
542,drunk,0.0,0.0,0.0,0.0,0.0,0.0
542,drunk,7.0,0.0,0.0,0.0,0.0,0.0
542,drunk,0.0,0.0,0.0,0.0,0.0,0.0
542,drunk,0.0,0.0,0.0,0.0,0.0,0.0
542,drunk,0.0,0.0,0.0,0.0,0.0,0.0
542,drunk,0.0,0.0,0.0,0.0,0.0,0.0
542,drunk,0.0,0.0,2.0,0.0,0.0,0.0
542,drunk,0.0,0.0,0.0,0.0,0.0,0.0
542,drunk,0.0,0.0,0.0,0.0,0.0,0.0
542,drunk,0.0,0.0,0.0,0.0,0.0,0.0
542,drunk,0.0,0.0,0.0,0.0,0.0,0.0
542,drunk,0.0,0.0,0.0,0.0,0.0,0.0
542,drunk,0.0,0.0,0.0,0.0,0.0,0.0
542,drunk,0.0,0.0,0.0,0.0,0.0,0.0
542,drunk,0.0,0.0,0.0,0.0,0.0,0.0
542,drunk,0.0,0.0,0.0,0.0,0.0,0.0
542,drunk,0.0,0.0,3.0,0.0,0.0,0.0
542,drunk,0.0,0.0,0.0,0.0,0.0,0.0
542,drunk,0.0,0.0,0.0,0.0,0.0,0.0
542,drunk,0.0,0.0,0.0,0.0,0.0,0.0
542,drunk,0.0,0.0,0.0,0.0,0.0,0.0
542,drunk,0.0,7.0,2.0,0.0,0.0,0.0
542,drunk,0.0,0.0,0.0,0.0,0.0,0.0
542,drunk,0.0,0.0,0.0,0.0,0.0,0.0
542,drunk,0.0,0.0,0.0,0.0,0.0,0.0
542,drunk,0.0,0.0,0.0,0.0,0.0,0.0
542,drunk,0.0,0.0,0.0,0.0,0.0,0.0
542,drunk,0.0,0.0,0.0,0.0,0.0,0.0
542,drunk,0.0,0.0,0.0,0.0,0.0,0.0
542,drunk,0.0,0.0,0.0,0.0,0.0,0.0
542,drunk,0.0,0.0,0.0,0.0,0.0,0.0
542,drunk,0.0,0.0,0.0,0.0,0.0,0.0
542,drunk,0.0,0.0,0.0,0.0,0.0,0.0
542,drunk,0.0,0.0,0.0,0.0,0.0,0.0
542,drunk,0.0,0.0,0.0,0.0,0.0,0.0
542,drunk,0.0,0.0,0.0,0.0,0.0,0.0
542,drunk,0.0,0.0,0.0,0.0,0.0,0.0
542,drunk,0.0,0.0,0.0,0.0,0.0,0.0
542,drunk,0.0,0.0,0.0,0.0,0.0,0.0
542,drunk,0.0,0.0,0.0,0.0,0.0,0.0
542,drunk,0.0,0.0,0.0,0.0,0.0,0.0
542,drunk,0.0,0.0,0.0,0.0,0.0,0.0
542,drunk,0.0,0.0,0.0,0.0,0.0,0.0
542,drunk,0.0,0.0,0.0,0.0,0.0,0.0
542,drunk,0.0,0.0,0.0,0.0,0.0,0.0
542,drunk,0.0,0.0,0.0,0.0,0.0,0.0
542,drunk,0.0,0.0,0.0,1.0,60.0,36.0
542,drunk,0.0,0.0,0.0,0.0,0.0,0.0
542,drunk,0.0,0.0,0.0,0.0,0.0,0.0
542,drunk,0.0,0.0,0.0,0.0,0.0,0.0
542,drunk,0.0,0.0,0.0,0.0,0.0,0.0
542,drunk,0.0,0.0,0.0,0.0,0.0,0.0
542,drunk,0.0,0.0,0.0,0.0,0.0,0.0
542,drunk,0.0,0.0,0.0,0.0,0.0,0.0
542,drunk,0.0,0.0,0.0,0.0,0.0,0.0
542,drunk,0.0,0.0,0.0,0.0,0.0,0.0
542,drunk,0.0,0.0,0.0,0.0,0.0,0.0
542,drunk,0.0,0.0,0.0,0.0,0.0,0.0
542,drunk,0.0,0.0,0.0,0.0,0.0,0.0
542,drunk,0.0,0.0,0.0,0.0,0.0,0.0
542,drunk,0.0,0.0,0.0,0.0,0.0,0.0
542,drunk,0.0,0.0,0.0,0.0,0.0,0.0
542,drunk,0.0,0.0,0.0,0.0,0.0,0.0
542,drunk,0.0,0.0,0.0,0.0,0.0,0.0
542,drunk,0.0,0.0,0.0,0.0,0.0,0.0
542,drunk,0.0,0.0,0.0,0.0,0.0,0.0
542,drunk,0.0,0.0,0.0,0.0,470.0,145.0
542,drunk,0.0,0.0,0.0,0.0,0.0,0.0
542,drunk,0.0,0.0,0.0,0.0,0.0,0.0
542,drunk,0.0,0.0,0.0,0.0,0.0,0.0
542,drunk,0.0,0.0,0.0,0.0,0.0,0.0
542,drunk,0.0,0.0,0.0,0.0,0.0,0.0
542,drunk,0.0,0.0,0.0,0.0,0.0,0.0
542,drunk,0.0,0.0,0.0,0.0,0.0,0.0
542,drunk,0.0,0.0,0.0,0.0,0.0,0.0
542,drunk,0.0,0.0,0.0,0.0,0.0,0.0
542,drunk,0.0,0.0,0.0,0.0,0.0,0.0
542,drunk,0.0,0.0,0.0,0.0,0.0,0.0
542,drunk,0.0,0.0,0.0,0.0,0.0,0.0
542,drunk,0.0,0.0,0.0,0.0,0.0,0.0
542,drunk,0.0,0.0,0.0,0.0,0.0,0.0
542,drunk,0.0,2.0,0.0,0.0,0.0,0.0
542,drunk,0.0,0.0,0.0,0.0,0.0,0.0
542,drunk,0.0,0.0,0.0,0.0,0.0,0.0
542,drunk,0.0,0.0,0.0,0.0,0.0,0.0
542,drunk,0.0,0.0,0.0,0.0,0.0,0.0
542,drunk,0.0,0.0,0.0,0.0,200.0,132.0
542,drunk,0.0,0.0,0.0,0.0,0.0,0.0
542,drunk,0.0,0.0,0.0,0.0,0.0,0.0
542,drunk,0.0,0.0,0.0,0.0,0.0,0.0
542,drunk,0.0,0.0,0.0,0.0,0.0,0.0
542,drunk,0.0,3.0,0.0,1.0,0.0,0.0
542,drunk,0.0,0.0,0.0,0.0,0.0,0.0
542,drunk,0.0,0.0,0.0,0.0,0.0,0.0
542,drunk,0.0,0.0,0.0,0.0,0.0,0.0
542,drunk,0.0,0.0,0.0,0.0,0.0,0.0
542,drunk,0.0,0.0,0.0,0.0,0.0,0.0
542,drunk,0.0,0.0,0.0,0.0,0.0,0.0
542,drunk,0.0,0.0,0.0,0.0,0.0,0.0
542,drunk,0.0,0.0,0.0,0.0,0.0,0.0
542,drunk,0.0,0.0,0.0,0.0,0.0,0.0
542,drunk,4.0,0.0,0.0,0.0,0.0,0.0
542,drunk,0.0,0.0,0.0,0.0,0.0,0.0
542,drunk,0.0,0.0,0.0,0.0,0.0,0.0
603,drunk,0.0,0.0,0.0,0.0,0.0,0.0
603,drunk,0.0,6.0,0.0,0.0,0.0,0.0
603,drunk,0.0,0.0,0.0,0.0,0.0,0.0
603,drunk,0.0,0.0,0.0,0.0,0.0,0.0
603,drunk,0.0,0.0,0.0,0.0,0.0,0.0
603,drunk,0.0,0.0,0.0,0.0,0.0,0.0
603,drunk,0.0,0.0,0.0,0.0,130.0,62.0
603,drunk,0.0,0.0,0.0,0.0,0.0,0.0
603,drunk,0.0,0.0,0.0,0.0,0.0,0.0
603,drunk,0.0,0.0,0.0,0.0,0.0,0.0
603,drunk,0.0,0.0,0.0,0.0,0.0,0.0
603,drunk,0.0,0.0,0.0,0.0,0.0,0.0
603,drunk,0.0,0.0,0.0,0.0,0.0,0.0
603,drunk,0.0,0.0,0.0,0.0,0.0,0.0
603,drunk,0.0,0.0,0.0,0.0,0.0,0.0
603,drunk,0.0,0.0,0.0,0.0,0.0,0.0
603,drunk,0.0,0.0,0.0,0.0,0.0,0.0
603,drunk,0.0,0.0,0.0,0.0,0.0,0.0
603,drunk,0.0,0.0,0.0,0.0,0.0,0.0
603,drunk,0.0,0.0,0.0,0.0,0.0,0.0
603,drunk,0.0,0.0,0.0,0.0,0.0,0.0
603,drunk,0.0,0.0,0.0,0.0,0.0,0.0
603,drunk,0.0,0.0,0.0,0.0,0.0,0.0
603,drunk,0.0,0.0,0.0,0.0,0.0,0.0
603,drunk,0.0,0.0,0.0,0.0,0.0,0.0
603,drunk,0.0,0.0,0.0,0.0,0.0,0.0
603,drunk,0.0,0.0,0.0,0.0,0.0,0.0
603,drunk,0.0,0.0,0.0,0.0,0.0,0.0
603,drunk,0.0,0.0,0.0,0.0,0.0,0.0
603,drunk,0.0,0.0,0.0,0.0,0.0,0.0
603,drunk,0.0,0.0,0.0,0.0,0.0,0.0
603,drunk,0.0,0.0,0.0,0.0,0.0,0.0
603,drunk,0.0,0.0,0.0,0.0,0.0,0.0
603,drunk,0.0,0.0,0.0,0.0,0.0,0.0
603,drunk,0.0,0.0,0.0,0.0,0.0,0.0
603,drunk,0.0,0.0,0.0,0.0,0.0,0.0
603,drunk,7.0,0.0,0.0,0.0,0.0,0.0
603,drunk,0.0,0.0,0.0,0.0,0.0,0.0
603,drunk,0.0,0.0,0.0,0.0,0.0,0.0
603,drunk,0.0,0.0,0.0,0.0,0.0,0.0
603,drunk,0.0,0.0,0.0,0.0,0.0,0.0
603,drunk,0.0,0.0,2.0,0.0,0.0,0.0
603,drunk,0.0,0.0,0.0,0.0,0.0,0.0
603,drunk,0.0,0.0,0.0,0.0,0.0,0.0
603,drunk,0.0,0.0,0.0,0.0,0.0,0.0
603,drunk,0.0,0.0,0.0,0.0,0.0,0.0
603,drunk,0.0,0.0,0.0,0.0,0.0,0.0
603,drunk,0.0,0.0,0.0,0.0,0.0,0.0
603,drunk,0.0,0.0,0.0,0.0,0.0,0.0
603,drunk,0.0,0.0,0.0,0.0,0.0,0.0
603,drunk,0.0,0.0,0.0,0.0,0.0,0.0
603,drunk,0.0,0.0,3.0,0.0,0.0,0.0
603,drunk,0.0,0.0,0.0,0.0,0.0,0.0
603,drunk,0.0,0.0,0.0,0.0,0.0,0.0
603,drunk,0.0,0.0,0.0,0.0,0.0,0.0
603,drunk,0.0,0.0,0.0,0.0,0.0,0.0
603,drunk,0.0,7.0,2.0,0.0,0.0,0.0
603,drunk,0.0,0.0,0.0,0.0,0.0,0.0
603,drunk,0.0,0.0,0.0,0.0,0.0,0.0
603,drunk,0.0,0.0,0.0,0.0,0.0,0.0
603,drunk,0.0,0.0,0.0,0.0,0.0,0.0
603,drunk,0.0,0.0,0.0,0.0,0.0,0.0
603,drunk,0.0,0.0,0.0,0.0,0.0,0.0
603,drunk,0.0,0.0,0.0,0.0,0.0,0.0
603,drunk,0.0,0.0,0.0,0.0,0.0,0.0
603,drunk,0.0,0.0,0.0,0.0,0.0,0.0
603,drunk,0.0,0.0,0.0,0.0,0.0,0.0
603,drunk,0.0,0.0,0.0,0.0,0.0,0.0
603,drunk,0.0,0.0,0.0,0.0,0.0,0.0
603,drunk,0.0,0.0,0.0,0.0,0.0,0.0
603,drunk,0.0,0.0,0.0,0.0,0.0,0.0
603,drunk,0.0,0.0,0.0,0.0,0.0,0.0
603,drunk,0.0,0.0,0.0,0.0,0.0,0.0
603,drunk,0.0,0.0,0.0,0.0,0.0,0.0
603,drunk,0.0,0.0,0.0,0.0,0.0,0.0
603,drunk,0.0,0.0,0.0,0.0,0.0,0.0
603,drunk,0.0,0.0,0.0,0.0,0.0,0.0
603,drunk,0.0,0.0,0.0,0.0,0.0,0.0
603,drunk,0.0,0.0,0.0,0.0,0.0,0.0
603,drunk,0.0,0.0,0.0,0.0,0.0,0.0
603,drunk,0.0,0.0,0.0,0.0,0.0,0.0
603,drunk,0.0,0.0,0.0,1.0,60.0,36.0
603,drunk,0.0,0.0,0.0,0.0,0.0,0.0
603,drunk,0.0,0.0,0.0,0.0,0.0,0.0
603,drunk,0.0,0.0,0.0,0.0,0.0,0.0
603,drunk,0.0,0.0,0.0,0.0,0.0,0.0
603,drunk,0.0,0.0,0.0,0.0,0.0,0.0
603,drunk,0.0,0.0,0.0,0.0,0.0,0.0
603,drunk,0.0,0.0,0.0,0.0,0.0,0.0
603,drunk,0.0,0.0,0.0,0.0,0.0,0.0
603,drunk,0.0,0.0,0.0,0.0,0.0,0.0
603,drunk,0.0,0.0,0.0,0.0,0.0,0.0
603,drunk,0.0,0.0,0.0,0.0,0.0,0.0
603,drunk,0.0,0.0,0.0,0.0,0.0,0.0
603,drunk,0.0,0.0,0.0,0.0,0.0,0.0
603,drunk,0.0,0.0,0.0,0.0,0.0,0.0
603,drunk,0.0,0.0,0.0,0.0,0.0,0.0
603,drunk,0.0,0.0,0.0,0.0,0.0,0.0
603,drunk,0.0,0.0,0.0,0.0,0.0,0.0
603,drunk,0.0,0.0,0.0,0.0,0.0,0.0
603,drunk,0.0,0.0,0.0,0.0,0.0,0.0
603,drunk,0.0,0.0,0.0,0.0,470.0,145.0
603,drunk,0.0,0.0,0.0,0.0,0.0,0.0
603,drunk,0.0,0.0,0.0,0.0,0.0,0.0
603,drunk,0.0,0.0,0.0,0.0,0.0,0.0
603,drunk,0.0,0.0,0.0,0.0,0.0,0.0
603,drunk,0.0,0.0,0.0,0.0,0.0,0.0
603,drunk,0.0,0.0,0.0,0.0,0.0,0.0
603,drunk,0.0,0.0,0.0,0.0,0.0,0.0
603,drunk,0.0,0.0,0.0,0.0,0.0,0.0
603,drunk,0.0,0.0,0.0,0.0,0.0,0.0
603,drunk,0.0,0.0,0.0,0.0,0.0,0.0
603,drunk,0.0,0.0,0.0,0.0,0.0,0.0
603,drunk,0.0,0.0,0.0,0.0,0.0,0.0
603,drunk,0.0,0.0,0.0,0.0,0.0,0.0
603,drunk,0.0,0.0,0.0,0.0,0.0,0.0
603,drunk,0.0,2.0,0.0,0.0,0.0,0.0
603,drunk,0.0,0.0,0.0,0.0,0.0,0.0
603,drunk,0.0,0.0,0.0,0.0,0.0,0.0
603,drunk,0.0,0.0,0.0,0.0,0.0,0.0
603,drunk,0.0,0.0,0.0,0.0,0.0,0.0
603,drunk,0.0,0.0,0.0,0.0,200.0,132.0
603,drunk,0.0,0.0,0.0,0.0,0.0,0.0
603,drunk,0.0,0.0,0.0,0.0,0.0,0.0
603,drunk,0.0,0.0,0.0,0.0,0.0,0.0
603,drunk,0.0,0.0,0.0,0.0,0.0,0.0
603,drunk,0.0,3.0,0.0,1.0,0.0,0.0
603,drunk,0.0,0.0,0.0,0.0,0.0,0.0
603,drunk,0.0,0.0,0.0,0.0,0.0,0.0
603,drunk,0.0,0.0,0.0,0.0,0.0,0.0
603,drunk,0.0,0.0,0.0,0.0,0.0,0.0
603,drunk,0.0,0.0,0.0,0.0,0.0,0.0
603,drunk,0.0,0.0,0.0,0.0,0.0,0.0
603,drunk,0.0,0.0,0.0,0.0,0.0,0.0
603,drunk,0.0,0.0,0.0,0.0,0.0,0.0
603,drunk,0.0,0.0,0.0,0.0,0.0,0.0
603,drunk,4.0,0.0,0.0,0.0,0.0,0.0
603,drunk,0.0,0.0,0.0,0.0,0.0,0.0
603,drunk,0.0,0.0,0.0,0.0,0.0,0.0
603,drunk,0.0,0.0,0.0,0.0,0.0,0.0
603,drunk,0.0,0.0,0.0,0.0,0.0,0.0
603,drunk,0.0,0.0,0.0,0.0,0.0,0.0
603,drunk,0.0,0.0,0.0,0.0,0.0,0.0
603,drunk,0.0,0.0,0.0,0.0,0.0,0.0
603,drunk,0.0,0.0,0.0,0.0,0.0,0.0
603,drunk,0.0,0.0,0.0,0.0,0.0,0.0
603,drunk,0.0,0.0,0.0,0.0,0.0,0.0
603,drunk,0.0,0.0,0.0,0.0,0.0,0.0
603,drunk,0.0,0.0,0.0,0.0,0.0,0.0
603,drunk,0.0,0.0,0.0,0.0,0.0,0.0
603,drunk,0.0,0.0,0.0,0.0,0.0,0.0
603,drunk,0.0,7.0,0.0,1.0,0.0,0.0
603,drunk,0.0,0.0,0.0,0.0,0.0,0.0
603,drunk,0.0,0.0,0.0,0.0,0.0,0.0
603,drunk,0.0,0.0,0.0,0.0,0.0,0.0
603,drunk,0.0,0.0,0.0,0.0,0.0,0.0
603,drunk,0.0,0.0,0.0,0.0,0.0,0.0
603,drunk,0.0,0.0,0.0,0.0,0.0,0.0
603,drunk,0.0,0.0,0.0,0.0,0.0,0.0
603,drunk,0.0,0.0,0.0,0.0,0.0,0.0
603,drunk,0.0,0.0,0.0,0.0,0.0,0.0
603,drunk,7.0,0.0,7.0,0.0,0.0,0.0
603,drunk,0.0,0.0,0.0,0.0,0.0,0.0
603,drunk,0.0,0.0,0.0,0.0,0.0,0.0
603,drunk,0.0,0.0,0.0,0.0,0.0,0.0
603,drunk,0.0,0.0,0.0,0.0,0.0,0.0
603,drunk,0.0,7.0,0.0,4.0,0.0,0.0
603,drunk,0.0,0.0,0.0,0.0,0.0,0.0
603,drunk,0.0,0.0,0.0,0.0,0.0,0.0
603,drunk,0.0,0.0,0.0,0.0,0.0,0.0
603,drunk,0.0,0.0,0.0,0.0,0.0,0.0
603,drunk,0.0,0.0,0.0,2.0,0.0,0.0
603,drunk,0.0,0.0,0.0,0.0,0.0,0.0
603,drunk,0.0,0.0,0.0,0.0,0.0,0.0
603,drunk,0.0,0.0,0.0,0.0,0.0,0.0
603,drunk,0.0,0.0,0.0,0.0,0.0,0.0
603,drunk,0.0,0.0,0.0,3.0,0.0,0.0
603,drunk,0.0,0.0,0.0,0.0,0.0,0.0
603,drunk,0.0,0.0,0.0,0.0,0.0,0.0
603,drunk,0.0,0.0,0.0,0.0,0.0,0.0
603,drunk,0.0,0.0,0.0,0.0,0.0,0.0
603,drunk,7.0,0.0,3.0,0.0,0.0,0.0
603,drunk,0.0,0.0,0.0,0.0,0.0,0.0
603,drunk,0.0,0.0,0.0,0.0,0.0,0.0
603,drunk,0.0,0.0,0.0,0.0,0.0,0.0
603,drunk,0.0,0.0,0.0,0.0,0.0,0.0
603,drunk,0.0,3.0,0.0,3.0,0.0,0.0
603,drunk,0.0,0.0,0.0,0.0,0.0,0.0
603,drunk,0.0,0.0,0.0,0.0,0.0,0.0
603,drunk,0.0,0.0,0.0,0.0,0.0,0.0
603,drunk,0.0,0.0,0.0,0.0,0.0,0.0
603,drunk,0.0,3.0,0.0,0.0,0.0,0.0
603,drunk,0.0,0.0,0.0,0.0,0.0,0.0
603,drunk,0.0,0.0,0.0,0.0,0.0,0.0
603,drunk,0.0,0.0,0.0,0.0,0.0,0.0
603,drunk,0.0,0.0,0.0,0.0,0.0,0.0
603,drunk,0.0,0.0,0.0,0.0,90.0,67.0
603,drunk,0.0,0.0,0.0,0.0,0.0,0.0
603,drunk,0.0,0.0,0.0,0.0,0.0,0.0
603,drunk,0.0,0.0,0.0,0.0,0.0,0.0
663,drunk,0.0,0.0,0.0,0.0,0.0,0.0
663,drunk,0.0,0.0,0.0,0.0,0.0,0.0
663,drunk,0.0,0.0,0.0,0.0,0.0,0.0
663,drunk,0.0,0.0,0.0,0.0,0.0,0.0
663,drunk,0.0,0.0,0.0,0.0,0.0,0.0
663,drunk,0.0,0.0,0.0,0.0,0.0,0.0
663,drunk,0.0,0.0,0.0,0.0,0.0,0.0
663,drunk,0.0,0.0,0.0,0.0,0.0,0.0
663,drunk,0.0,0.0,0.0,0.0,0.0,0.0
663,drunk,0.0,0.0,0.0,0.0,0.0,0.0
663,drunk,0.0,0.0,0.0,0.0,0.0,0.0
663,drunk,0.0,0.0,0.0,0.0,0.0,0.0
663,drunk,0.0,0.0,0.0,0.0,0.0,0.0
663,drunk,0.0,0.0,0.0,0.0,0.0,0.0
663,drunk,0.0,0.0,0.0,0.0,0.0,0.0
663,drunk,0.0,0.0,0.0,0.0,0.0,0.0
663,drunk,0.0,0.0,0.0,0.0,0.0,0.0
663,drunk,0.0,0.0,0.0,0.0,0.0,0.0
663,drunk,0.0,0.0,0.0,0.0,0.0,0.0
663,drunk,0.0,0.0,0.0,0.0,0.0,0.0
663,drunk,0.0,0.0,0.0,0.0,0.0,0.0
663,drunk,0.0,0.0,0.0,1.0,60.0,36.0
663,drunk,0.0,0.0,0.0,0.0,0.0,0.0
663,drunk,0.0,0.0,0.0,0.0,0.0,0.0
663,drunk,0.0,0.0,0.0,0.0,0.0,0.0
663,drunk,0.0,0.0,0.0,0.0,0.0,0.0
663,drunk,0.0,0.0,0.0,0.0,0.0,0.0
663,drunk,0.0,0.0,0.0,0.0,0.0,0.0
663,drunk,0.0,0.0,0.0,0.0,0.0,0.0
663,drunk,0.0,0.0,0.0,0.0,0.0,0.0
663,drunk,0.0,0.0,0.0,0.0,0.0,0.0
663,drunk,0.0,0.0,0.0,0.0,0.0,0.0
663,drunk,0.0,0.0,0.0,0.0,0.0,0.0
663,drunk,0.0,0.0,0.0,0.0,0.0,0.0
663,drunk,0.0,0.0,0.0,0.0,0.0,0.0
663,drunk,0.0,0.0,0.0,0.0,0.0,0.0
663,drunk,0.0,0.0,0.0,0.0,0.0,0.0
663,drunk,0.0,0.0,0.0,0.0,0.0,0.0
663,drunk,0.0,0.0,0.0,0.0,0.0,0.0
663,drunk,0.0,0.0,0.0,0.0,0.0,0.0
663,drunk,0.0,0.0,0.0,0.0,0.0,0.0
663,drunk,0.0,0.0,0.0,0.0,470.0,145.0
663,drunk,0.0,0.0,0.0,0.0,0.0,0.0
663,drunk,0.0,0.0,0.0,0.0,0.0,0.0
663,drunk,0.0,0.0,0.0,0.0,0.0,0.0
663,drunk,0.0,0.0,0.0,0.0,0.0,0.0
663,drunk,0.0,0.0,0.0,0.0,0.0,0.0
663,drunk,0.0,0.0,0.0,0.0,0.0,0.0
663,drunk,0.0,0.0,0.0,0.0,0.0,0.0
663,drunk,0.0,0.0,0.0,0.0,0.0,0.0
663,drunk,0.0,0.0,0.0,0.0,0.0,0.0
663,drunk,0.0,0.0,0.0,0.0,0.0,0.0
663,drunk,0.0,0.0,0.0,0.0,0.0,0.0
663,drunk,0.0,0.0,0.0,0.0,0.0,0.0
663,drunk,0.0,0.0,0.0,0.0,0.0,0.0
663,drunk,0.0,0.0,0.0,0.0,0.0,0.0
663,drunk,0.0,2.0,0.0,0.0,0.0,0.0
663,drunk,0.0,0.0,0.0,0.0,0.0,0.0
663,drunk,0.0,0.0,0.0,0.0,0.0,0.0
663,drunk,0.0,0.0,0.0,0.0,0.0,0.0
663,drunk,0.0,0.0,0.0,0.0,0.0,0.0
663,drunk,0.0,0.0,0.0,0.0,200.0,132.0
663,drunk,0.0,0.0,0.0,0.0,0.0,0.0
663,drunk,0.0,0.0,0.0,0.0,0.0,0.0
663,drunk,0.0,0.0,0.0,0.0,0.0,0.0
663,drunk,0.0,0.0,0.0,0.0,0.0,0.0
663,drunk,0.0,3.0,0.0,1.0,0.0,0.0
663,drunk,0.0,0.0,0.0,0.0,0.0,0.0
663,drunk,0.0,0.0,0.0,0.0,0.0,0.0
663,drunk,0.0,0.0,0.0,0.0,0.0,0.0
663,drunk,0.0,0.0,0.0,0.0,0.0,0.0
663,drunk,0.0,0.0,0.0,0.0,0.0,0.0
663,drunk,0.0,0.0,0.0,0.0,0.0,0.0
663,drunk,0.0,0.0,0.0,0.0,0.0,0.0
663,drunk,0.0,0.0,0.0,0.0,0.0,0.0
663,drunk,0.0,0.0,0.0,0.0,0.0,0.0
663,drunk,4.0,0.0,0.0,0.0,0.0,0.0
663,drunk,0.0,0.0,0.0,0.0,0.0,0.0
663,drunk,0.0,0.0,0.0,0.0,0.0,0.0
663,drunk,0.0,0.0,0.0,0.0,0.0,0.0
663,drunk,0.0,0.0,0.0,0.0,0.0,0.0
663,drunk,0.0,0.0,0.0,0.0,0.0,0.0
663,drunk,0.0,0.0,0.0,0.0,0.0,0.0
663,drunk,0.0,0.0,0.0,0.0,0.0,0.0
663,drunk,0.0,0.0,0.0,0.0,0.0,0.0
663,drunk,0.0,0.0,0.0,0.0,0.0,0.0
663,drunk,0.0,0.0,0.0,0.0,0.0,0.0
663,drunk,0.0,0.0,0.0,0.0,0.0,0.0
663,drunk,0.0,0.0,0.0,0.0,0.0,0.0
663,drunk,0.0,0.0,0.0,0.0,0.0,0.0
663,drunk,0.0,0.0,0.0,0.0,0.0,0.0
663,drunk,0.0,7.0,0.0,1.0,0.0,0.0
663,drunk,0.0,0.0,0.0,0.0,0.0,0.0
663,drunk,0.0,0.0,0.0,0.0,0.0,0.0
663,drunk,0.0,0.0,0.0,0.0,0.0,0.0
663,drunk,0.0,0.0,0.0,0.0,0.0,0.0
663,drunk,0.0,0.0,0.0,0.0,0.0,0.0
663,drunk,0.0,0.0,0.0,0.0,0.0,0.0
663,drunk,0.0,0.0,0.0,0.0,0.0,0.0
663,drunk,0.0,0.0,0.0,0.0,0.0,0.0
663,drunk,0.0,0.0,0.0,0.0,0.0,0.0
663,drunk,7.0,0.0,7.0,0.0,0.0,0.0
663,drunk,0.0,0.0,0.0,0.0,0.0,0.0
663,drunk,0.0,0.0,0.0,0.0,0.0,0.0
663,drunk,0.0,0.0,0.0,0.0,0.0,0.0
663,drunk,0.0,0.0,0.0,0.0,0.0,0.0
663,drunk,0.0,7.0,0.0,4.0,0.0,0.0
663,drunk,0.0,0.0,0.0,0.0,0.0,0.0
663,drunk,0.0,0.0,0.0,0.0,0.0,0.0
663,drunk,0.0,0.0,0.0,0.0,0.0,0.0
663,drunk,0.0,0.0,0.0,0.0,0.0,0.0
663,drunk,0.0,0.0,0.0,2.0,0.0,0.0
663,drunk,0.0,0.0,0.0,0.0,0.0,0.0
663,drunk,0.0,0.0,0.0,0.0,0.0,0.0
663,drunk,0.0,0.0,0.0,0.0,0.0,0.0
663,drunk,0.0,0.0,0.0,0.0,0.0,0.0
663,drunk,0.0,0.0,0.0,3.0,0.0,0.0
663,drunk,0.0,0.0,0.0,0.0,0.0,0.0
663,drunk,0.0,0.0,0.0,0.0,0.0,0.0
663,drunk,0.0,0.0,0.0,0.0,0.0,0.0
663,drunk,0.0,0.0,0.0,0.0,0.0,0.0
663,drunk,7.0,0.0,3.0,0.0,0.0,0.0
663,drunk,0.0,0.0,0.0,0.0,0.0,0.0
663,drunk,0.0,0.0,0.0,0.0,0.0,0.0
663,drunk,0.0,0.0,0.0,0.0,0.0,0.0
663,drunk,0.0,0.0,0.0,0.0,0.0,0.0
663,drunk,0.0,3.0,0.0,3.0,0.0,0.0
663,drunk,0.0,0.0,0.0,0.0,0.0,0.0
663,drunk,0.0,0.0,0.0,0.0,0.0,0.0
663,drunk,0.0,0.0,0.0,0.0,0.0,0.0
663,drunk,0.0,0.0,0.0,0.0,0.0,0.0
663,drunk,0.0,3.0,0.0,0.0,0.0,0.0
663,drunk,0.0,0.0,0.0,0.0,0.0,0.0
663,drunk,0.0,0.0,0.0,0.0,0.0,0.0
663,drunk,0.0,0.0,0.0,0.0,0.0,0.0
663,drunk,0.0,0.0,0.0,0.0,0.0,0.0
663,drunk,0.0,0.0,0.0,0.0,90.0,67.0
663,drunk,0.0,0.0,0.0,0.0,0.0,0.0
663,drunk,0.0,0.0,0.0,0.0,0.0,0.0
663,drunk,0.0,0.0,0.0,0.0,0.0,0.0
663,drunk,0.0,0.0,0.0,0.0,0.0,0.0
663,drunk,0.0,0.0,0.0,0.0,0.0,0.0
663,drunk,0.0,0.0,0.0,0.0,0.0,0.0
663,drunk,0.0,0.0,0.0,0.0,0.0,0.0
663,drunk,0.0,0.0,0.0,0.0,0.0,0.0
663,drunk,0.0,0.0,0.0,0.0,0.0,0.0
663,drunk,0.0,6.0,0.0,2.0,0.0,0.0
663,drunk,0.0,0.0,0.0,0.0,0.0,0.0
663,drunk,0.0,0.0,0.0,0.0,0.0,0.0
663,drunk,0.0,0.0,0.0,0.0,0.0,0.0
663,drunk,0.0,0.0,0.0,0.0,0.0,0.0
663,drunk,0.0,0.0,0.0,2.0,0.0,0.0
663,drunk,0.0,0.0,0.0,0.0,0.0,0.0
663,drunk,0.0,0.0,0.0,0.0,0.0,0.0
663,drunk,0.0,0.0,0.0,0.0,0.0,0.0
663,drunk,0.0,0.0,0.0,0.0,0.0,0.0
663,drunk,0.0,6.0,0.0,0.0,0.0,0.0
663,drunk,0.0,0.0,0.0,0.0,0.0,0.0
663,drunk,0.0,0.0,0.0,0.0,0.0,0.0
663,drunk,0.0,0.0,0.0,0.0,0.0,0.0
663,drunk,0.0,0.0,0.0,0.0,0.0,0.0
663,drunk,0.0,0.0,0.0,7.0,0.0,0.0
663,drunk,0.0,0.0,0.0,0.0,0.0,0.0
663,drunk,0.0,0.0,0.0,0.0,0.0,0.0
663,drunk,0.0,0.0,0.0,0.0,0.0,0.0
663,drunk,0.0,0.0,0.0,0.0,0.0,0.0
663,drunk,7.0,0.0,0.0,0.0,0.0,0.0
663,drunk,0.0,0.0,0.0,0.0,0.0,0.0
663,drunk,0.0,0.0,0.0,0.0,0.0,0.0
663,drunk,0.0,0.0,0.0,0.0,0.0,0.0
663,drunk,0.0,0.0,0.0,0.0,0.0,0.0
663,drunk,0.0,0.0,0.0,0.0,0.0,0.0
663,drunk,0.0,0.0,0.0,0.0,0.0,0.0
663,drunk,0.0,0.0,0.0,0.0,0.0,0.0
663,drunk,0.0,0.0,0.0,0.0,0.0,0.0
663,drunk,0.0,0.0,0.0,0.0,0.0,0.0
663,drunk,0.0,0.0,0.0,0.0,0.0,0.0
663,drunk,0.0,0.0,0.0,0.0,0.0,0.0
663,drunk,0.0,0.0,0.0,0.0,0.0,0.0
663,drunk,0.0,0.0,0.0,0.0,0.0,0.0
663,drunk,0.0,0.0,0.0,0.0,0.0,0.0
663,drunk,0.0,0.0,0.0,0.0,0.0,0.0
663,drunk,0.0,0.0,0.0,0.0,0.0,0.0
663,drunk,0.0,0.0,0.0,0.0,0.0,0.0
663,drunk,0.0,0.0,0.0,0.0,0.0,0.0
663,drunk,0.0,0.0,0.0,0.0,0.0,0.0
663,drunk,0.0,0.0,0.0,0.0,0.0,0.0
663,drunk,0.0,0.0,0.0,0.0,0.0,0.0
663,drunk,0.0,0.0,0.0,0.0,0.0,0.0
663,drunk,0.0,0.0,0.0,0.0,0.0,0.0
663,drunk,0.0,0.0,0.0,0.0,0.0,0.0
663,drunk,0.0,0.0,0.0,0.0,0.0,0.0
663,drunk,0.0,0.0,0.0,0.0,0.0,0.0
663,drunk,0.0,0.0,0.0,0.0,0.0,0.0
663,drunk,0.0,0.0,0.0,0.0,0.0,0.0
663,drunk,0.0,0.0,0.0,0.0,0.0,0.0
663,drunk,0.0,0.0,0.0,0.0,0.0,0.0
663,drunk,0.0,0.0,0.0,0.0,0.0,0.0
663,drunk,0.0,0.0,0.0,0.0,0.0,0.0
663,drunk,0.0,0.0,0.0,0.0,0.0,0.0
723,drunk,0.0,0.0,0.0,0.0,0.0,0.0
723,drunk,0.0,0.0,0.0,0.0,200.0,132.0
723,drunk,0.0,0.0,0.0,0.0,0.0,0.0
723,drunk,0.0,0.0,0.0,0.0,0.0,0.0
723,drunk,0.0,0.0,0.0,0.0,0.0,0.0
723,drunk,0.0,0.0,0.0,0.0,0.0,0.0
723,drunk,0.0,3.0,0.0,1.0,0.0,0.0
723,drunk,0.0,0.0,0.0,0.0,0.0,0.0
723,drunk,0.0,0.0,0.0,0.0,0.0,0.0
723,drunk,0.0,0.0,0.0,0.0,0.0,0.0
723,drunk,0.0,0.0,0.0,0.0,0.0,0.0
723,drunk,0.0,0.0,0.0,0.0,0.0,0.0
723,drunk,0.0,0.0,0.0,0.0,0.0,0.0
723,drunk,0.0,0.0,0.0,0.0,0.0,0.0
723,drunk,0.0,0.0,0.0,0.0,0.0,0.0
723,drunk,0.0,0.0,0.0,0.0,0.0,0.0
723,drunk,4.0,0.0,0.0,0.0,0.0,0.0
723,drunk,0.0,0.0,0.0,0.0,0.0,0.0
723,drunk,0.0,0.0,0.0,0.0,0.0,0.0
723,drunk,0.0,0.0,0.0,0.0,0.0,0.0
723,drunk,0.0,0.0,0.0,0.0,0.0,0.0
723,drunk,0.0,0.0,0.0,0.0,0.0,0.0
723,drunk,0.0,0.0,0.0,0.0,0.0,0.0
723,drunk,0.0,0.0,0.0,0.0,0.0,0.0
723,drunk,0.0,0.0,0.0,0.0,0.0,0.0
723,drunk,0.0,0.0,0.0,0.0,0.0,0.0
723,drunk,0.0,0.0,0.0,0.0,0.0,0.0
723,drunk,0.0,0.0,0.0,0.0,0.0,0.0
723,drunk,0.0,0.0,0.0,0.0,0.0,0.0
723,drunk,0.0,0.0,0.0,0.0,0.0,0.0
723,drunk,0.0,0.0,0.0,0.0,0.0,0.0
723,drunk,0.0,7.0,0.0,1.0,0.0,0.0
723,drunk,0.0,0.0,0.0,0.0,0.0,0.0
723,drunk,0.0,0.0,0.0,0.0,0.0,0.0
723,drunk,0.0,0.0,0.0,0.0,0.0,0.0
723,drunk,0.0,0.0,0.0,0.0,0.0,0.0
723,drunk,0.0,0.0,0.0,0.0,0.0,0.0
723,drunk,0.0,0.0,0.0,0.0,0.0,0.0
723,drunk,0.0,0.0,0.0,0.0,0.0,0.0
723,drunk,0.0,0.0,0.0,0.0,0.0,0.0
723,drunk,0.0,0.0,0.0,0.0,0.0,0.0
723,drunk,7.0,0.0,7.0,0.0,0.0,0.0
723,drunk,0.0,0.0,0.0,0.0,0.0,0.0
723,drunk,0.0,0.0,0.0,0.0,0.0,0.0
723,drunk,0.0,0.0,0.0,0.0,0.0,0.0
723,drunk,0.0,0.0,0.0,0.0,0.0,0.0
723,drunk,0.0,7.0,0.0,4.0,0.0,0.0
723,drunk,0.0,0.0,0.0,0.0,0.0,0.0
723,drunk,0.0,0.0,0.0,0.0,0.0,0.0
723,drunk,0.0,0.0,0.0,0.0,0.0,0.0
723,drunk,0.0,0.0,0.0,0.0,0.0,0.0
723,drunk,0.0,0.0,0.0,2.0,0.0,0.0
723,drunk,0.0,0.0,0.0,0.0,0.0,0.0
723,drunk,0.0,0.0,0.0,0.0,0.0,0.0
723,drunk,0.0,0.0,0.0,0.0,0.0,0.0
723,drunk,0.0,0.0,0.0,0.0,0.0,0.0
723,drunk,0.0,0.0,0.0,3.0,0.0,0.0
723,drunk,0.0,0.0,0.0,0.0,0.0,0.0
723,drunk,0.0,0.0,0.0,0.0,0.0,0.0
723,drunk,0.0,0.0,0.0,0.0,0.0,0.0
723,drunk,0.0,0.0,0.0,0.0,0.0,0.0
723,drunk,7.0,0.0,3.0,0.0,0.0,0.0
723,drunk,0.0,0.0,0.0,0.0,0.0,0.0
723,drunk,0.0,0.0,0.0,0.0,0.0,0.0
723,drunk,0.0,0.0,0.0,0.0,0.0,0.0
723,drunk,0.0,0.0,0.0,0.0,0.0,0.0
723,drunk,0.0,3.0,0.0,3.0,0.0,0.0
723,drunk,0.0,0.0,0.0,0.0,0.0,0.0
723,drunk,0.0,0.0,0.0,0.0,0.0,0.0
723,drunk,0.0,0.0,0.0,0.0,0.0,0.0
723,drunk,0.0,0.0,0.0,0.0,0.0,0.0
723,drunk,0.0,3.0,0.0,0.0,0.0,0.0
723,drunk,0.0,0.0,0.0,0.0,0.0,0.0
723,drunk,0.0,0.0,0.0,0.0,0.0,0.0
723,drunk,0.0,0.0,0.0,0.0,0.0,0.0
723,drunk,0.0,0.0,0.0,0.0,0.0,0.0
723,drunk,0.0,0.0,0.0,0.0,90.0,67.0
723,drunk,0.0,0.0,0.0,0.0,0.0,0.0
723,drunk,0.0,0.0,0.0,0.0,0.0,0.0
723,drunk,0.0,0.0,0.0,0.0,0.0,0.0
723,drunk,0.0,0.0,0.0,0.0,0.0,0.0
723,drunk,0.0,0.0,0.0,0.0,0.0,0.0
723,drunk,0.0,0.0,0.0,0.0,0.0,0.0
723,drunk,0.0,0.0,0.0,0.0,0.0,0.0
723,drunk,0.0,0.0,0.0,0.0,0.0,0.0
723,drunk,0.0,0.0,0.0,0.0,0.0,0.0
723,drunk,0.0,6.0,0.0,2.0,0.0,0.0
723,drunk,0.0,0.0,0.0,0.0,0.0,0.0
723,drunk,0.0,0.0,0.0,0.0,0.0,0.0
723,drunk,0.0,0.0,0.0,0.0,0.0,0.0
723,drunk,0.0,0.0,0.0,0.0,0.0,0.0
723,drunk,0.0,0.0,0.0,2.0,0.0,0.0
723,drunk,0.0,0.0,0.0,0.0,0.0,0.0
723,drunk,0.0,0.0,0.0,0.0,0.0,0.0
723,drunk,0.0,0.0,0.0,0.0,0.0,0.0
723,drunk,0.0,0.0,0.0,0.0,0.0,0.0
723,drunk,0.0,6.0,0.0,0.0,0.0,0.0
723,drunk,0.0,0.0,0.0,0.0,0.0,0.0
723,drunk,0.0,0.0,0.0,0.0,0.0,0.0
723,drunk,0.0,0.0,0.0,0.0,0.0,0.0
723,drunk,0.0,0.0,0.0,0.0,0.0,0.0
723,drunk,0.0,0.0,0.0,7.0,0.0,0.0
723,drunk,0.0,0.0,0.0,0.0,0.0,0.0
723,drunk,0.0,0.0,0.0,0.0,0.0,0.0
723,drunk,0.0,0.0,0.0,0.0,0.0,0.0
723,drunk,0.0,0.0,0.0,0.0,0.0,0.0
723,drunk,7.0,0.0,0.0,0.0,0.0,0.0
723,drunk,0.0,0.0,0.0,0.0,0.0,0.0
723,drunk,0.0,0.0,0.0,0.0,0.0,0.0
723,drunk,0.0,0.0,0.0,0.0,0.0,0.0
723,drunk,0.0,0.0,0.0,0.0,0.0,0.0
723,drunk,0.0,0.0,0.0,0.0,0.0,0.0
723,drunk,0.0,0.0,0.0,0.0,0.0,0.0
723,drunk,0.0,0.0,0.0,0.0,0.0,0.0
723,drunk,0.0,0.0,0.0,0.0,0.0,0.0
723,drunk,0.0,0.0,0.0,0.0,0.0,0.0
723,drunk,0.0,0.0,0.0,0.0,0.0,0.0
723,drunk,0.0,0.0,0.0,0.0,0.0,0.0
723,drunk,0.0,0.0,0.0,0.0,0.0,0.0
723,drunk,0.0,0.0,0.0,0.0,0.0,0.0
723,drunk,0.0,0.0,0.0,0.0,0.0,0.0
723,drunk,0.0,0.0,0.0,0.0,0.0,0.0
723,drunk,0.0,0.0,0.0,0.0,0.0,0.0
723,drunk,0.0,0.0,0.0,0.0,0.0,0.0
723,drunk,0.0,0.0,0.0,0.0,0.0,0.0
723,drunk,0.0,0.0,0.0,0.0,0.0,0.0
723,drunk,0.0,0.0,0.0,0.0,0.0,0.0
723,drunk,0.0,0.0,0.0,0.0,0.0,0.0
723,drunk,0.0,0.0,0.0,0.0,0.0,0.0
723,drunk,0.0,0.0,0.0,0.0,0.0,0.0
723,drunk,0.0,0.0,0.0,0.0,0.0,0.0
723,drunk,0.0,0.0,0.0,0.0,0.0,0.0
723,drunk,0.0,0.0,0.0,0.0,0.0,0.0
723,drunk,0.0,0.0,0.0,0.0,0.0,0.0
723,drunk,0.0,0.0,0.0,0.0,0.0,0.0
723,drunk,0.0,0.0,0.0,0.0,0.0,0.0
723,drunk,0.0,0.0,0.0,0.0,0.0,0.0
723,drunk,0.0,0.0,0.0,0.0,0.0,0.0
723,drunk,0.0,0.0,0.0,0.0,0.0,0.0
723,drunk,0.0,0.0,0.0,0.0,0.0,0.0
723,drunk,0.0,0.0,0.0,0.0,0.0,0.0
723,drunk,0.0,0.0,0.0,0.0,0.0,0.0
723,drunk,0.0,0.0,0.0,0.0,0.0,0.0
723,drunk,0.0,0.0,0.0,0.0,0.0,0.0
723,drunk,0.0,0.0,0.0,0.0,0.0,0.0
723,drunk,0.0,0.0,0.0,0.0,0.0,0.0
723,drunk,0.0,0.0,0.0,0.0,0.0,0.0
723,drunk,0.0,0.0,0.0,0.0,0.0,0.0
723,drunk,0.0,0.0,0.0,0.0,0.0,0.0
723,drunk,0.0,0.0,0.0,0.0,0.0,0.0
723,drunk,0.0,0.0,0.0,0.0,0.0,0.0
723,drunk,0.0,0.0,0.0,0.0,0.0,0.0
723,drunk,0.0,0.0,0.0,0.0,0.0,0.0
723,drunk,0.0,0.0,0.0,0.0,0.0,0.0
723,drunk,0.0,0.0,0.0,0.0,0.0,0.0
723,drunk,0.0,0.0,0.0,0.0,0.0,0.0
723,drunk,0.0,0.0,0.0,0.0,0.0,0.0
723,drunk,0.0,0.0,0.0,0.0,0.0,0.0
723,drunk,0.0,0.0,0.0,0.0,0.0,0.0
723,drunk,0.0,0.0,0.0,0.0,0.0,0.0
723,drunk,0.0,0.0,0.0,0.0,0.0,0.0
723,drunk,0.0,0.0,2.0,0.0,0.0,0.0
723,drunk,0.0,0.0,0.0,0.0,0.0,0.0
723,drunk,0.0,0.0,0.0,0.0,0.0,0.0
723,drunk,0.0,0.0,0.0,0.0,0.0,0.0
723,drunk,0.0,0.0,0.0,0.0,0.0,0.0
723,drunk,0.0,0.0,2.0,0.0,0.0,0.0
723,drunk,0.0,0.0,0.0,0.0,0.0,0.0
723,drunk,0.0,0.0,0.0,0.0,0.0,0.0
723,drunk,0.0,0.0,0.0,0.0,0.0,0.0
723,drunk,0.0,0.0,0.0,0.0,0.0,0.0
723,drunk,0.0,0.0,0.0,0.0,0.0,0.0
723,drunk,0.0,0.0,0.0,0.0,0.0,0.0
723,drunk,0.0,0.0,0.0,0.0,0.0,0.0
723,drunk,0.0,0.0,0.0,0.0,0.0,0.0
723,drunk,0.0,0.0,0.0,0.0,0.0,0.0
723,drunk,0.0,0.0,0.0,0.0,0.0,0.0
